,0,1,2,3,4,5,6,7,Status
0,755098.8442973696,32377.39015810336,625.7316734730854,1931.0274665836173,421.7515804937519,380.14127484421863,442.37249325524493,484.9729889053328,stable
1,831683.9014298688,29011.091261792753,863.2795866677859,1835.5946557398095,307.30426038574706,343.26800729311,432.62566307481524,382.8401661708371,stable
2,663475.3883210758,16025.929768463653,631.771611771136,1605.4347124519034,348.666855793744,438.1081098727904,350.2507483110864,436.01555141544424,stable
3,625635.7445720052,18766.645086148714,444.3071034588473,1023.7259253206773,428.96852448627897,366.5371158157039,301.7932120052102,427.22920152171224,stable
4,693645.1902619309,13989.774506752521,623.9420539772697,1632.5834762283955,440.8971502075068,355.0076382320198,472.7139915234847,408.4861048678328,stable
5,544860.65306665,11690.351985176741,444.9999046945568,1020.4767275009302,383.76876012480767,388.84178411055024,483.21791229131856,358.53769118424754,stable
6,518823.21023143805,9735.994577859186,651.9283199777236,807.6648243365714,469.8404193365012,443.28832370110507,409.8773429349224,399.8223039766149,stable
7,442306.768921288,15790.817935852165,697.748629039168,968.0765954498344,523.5790179466117,350.55318169244646,459.04310054817455,396.93366738419263,stable
8,512525.06744688406,35313.212187145284,782.0739935485369,1597.5356116760224,444.22186597593435,368.86159879088694,347.4540966579144,411.238768597797,stable
9,382720.99431131885,23945.36684699065,659.411066122358,1419.7603435454043,414.6060210607949,369.660845005955,388.66127207591074,452.2059145774804,stable
10,392602.60770703753,30340.082920428813,623.272748052478,1086.6683002229188,376.70429964019996,345.09009444723523,466.014161169337,392.82199974404006,stable
11,281306.0511880918,34852.11652451203,691.0020003865246,1562.8873643399454,400.9753455379796,449.42826181642323,480.8229497216931,360.0919868494204,stable
12,265006.0131374219,25261.26339565279,671.3313772205357,1561.1799614448105,516.6615389574783,373.2418219816537,448.2688965728181,492.00719392916017,stable
13,254227.51781425995,16673.45119612739,689.6528187905152,1245.9409750774714,426.9590463781832,373.7780634898597,448.5309031060459,521.9553136063004,stable
14,150096.2964596802,12787.405331938866,646.3870558738118,782.1916793650978,410.046347450125,461.3036175518962,361.7721380893294,431.0541160881524,stable
15,270581.18117726955,23616.024244894663,699.8569968240959,1558.9302694163182,420.78107684965806,392.5795410760764,391.78332202119253,412.83427164723247,stable
16,154369.80892885974,32170.755192201435,567.7100084759834,1400.6828931801963,512.2546482673841,300.17363410480857,334.7233921909359,503.82611300508466,stable
17,142227.99850112692,13981.186025283643,655.9727719989082,959.8448957802794,381.3363582217594,371.48750769848255,386.7465286107175,418.3110822389398,stable
18,202009.81246113687,13742.670617871558,711.8144447259049,997.1383807756729,418.21788424667204,456.14760426504284,511.9926496055657,503.4009554928475,stable
19,269259.2831386458,18515.280515478757,643.8143312170405,936.2190028337006,300.611496971816,377.69532791841107,529.7180093649181,370.3392725439326,stable
20,501201.3766765254,109303.12184697064,2550.1606354154587,4479.794118316815,486.9405320799347,533.9328485793956,980.1886370508053,678.1021798219815,stable
21,548396.9232213643,70068.19002140906,1564.8464231211442,3200.395350159827,464.2752052801042,543.756093158127,756.3056948913921,817.5022470779629,stable
22,1076193.1567121395,97565.98883018979,2274.5601278311597,5662.34056209359,454.2801961185649,469.3257280274563,866.3205458335962,720.7975850685995,stable
23,668370.0475813405,83346.4411124598,2358.7819386265337,5006.469578458891,403.8058661701047,429.40696320722515,1056.2987293101364,600.0182954101438,stable
24,1684043.2769693055,135438.44907596026,2713.932933040643,7059.742829508421,448.2159213562569,486.98633376537003,1005.6529440170519,817.1902272765127,stable
25,8004251.886478611,260350.14545739922,3383.796499762678,17179.95818532391,496.19275079402985,430.8389941456805,1458.5356643073844,850.8745439289635,stable
26,1176523.0127933584,109058.90239068745,1787.48267547542,5752.040681774033,578.4172050945265,502.0139544529487,906.1630543741478,808.8626758775337,stable
27,1227451.3018703195,119225.86033272065,2726.8337932791806,7405.708350486263,457.24273092299865,460.2306143337239,928.7726948753544,590.4516085411111,stable
28,553920.5567825462,60587.58659217021,1870.3582286365502,5008.715777478546,422.91296840755246,427.34931634986435,931.6991432406857,519.1939411847267,stable
29,757107.2143362028,154301.0678906855,2003.7877480996829,6482.799968140333,505.56703540515156,508.798123560602,901.011029552778,511.936048490179,stable
30,554398.7997976782,86153.12347964423,1605.159718805245,5064.831338638683,457.54997844928545,419.34529708577105,851.2995226921951,632.5421116148324,stable
31,932655.309447395,86766.14518959187,2532.6202174144537,6565.50762314816,358.1241125603704,427.1105833884112,1017.0335705623548,614.3265666157096,stable
32,713601.492284761,57855.68568928764,2098.6397436557154,3938.300670342146,442.3775554474591,503.8756845832331,1095.3997631297395,735.6933072753922,stable
33,628821.0111125244,97284.76216908208,1363.5992043660901,3350.4418520471922,418.4668632943821,446.1580466703376,742.7646753419489,583.4274978889745,stable
34,523840.4728873717,66309.79642996671,1402.0045480755648,3848.1776664906183,455.24026082389565,385.81537566579345,911.9706260408851,789.7184934574808,stable
35,1006381.7914503803,139786.0050002059,1692.974023640581,7125.114702738955,465.8474129222233,403.7594990426192,836.844315831725,883.6109013843227,stable
36,525895.9309107177,61529.38340446871,1572.0632849357585,3572.093249843476,438.6714981543534,509.6599238360613,843.1489127432989,597.9946596566319,stable
37,646784.6184894071,66671.56054729983,1877.8707996915437,3776.133582924892,514.9792679741511,403.01228927408897,792.2061564725537,521.3655145326721,stable
38,668220.5832231542,78082.31876075584,1393.3438045342791,5084.339499671465,444.1649268340069,508.5074843160139,682.9226231177415,590.7468647344607,stable
39,646088.2904068666,79439.28133065955,1536.2219086780105,3978.742143440919,521.5881474187258,580.4051547956094,620.8376288208623,616.4372515757041,stable
40,57938076.97945365,2746989.8817202533,11999.653521605205,148775.48666516156,737.3855711707488,1108.5164941441387,4326.340701650801,1398.3452792379321,stable
41,53702682.28143566,2115868.999197535,8163.554435830701,101377.82539525922,506.75981285589995,904.5507484572759,3435.7015559238907,1077.5423825778714,stable
42,59211644.85141665,2765105.373233153,6803.920721673158,92824.54383805834,572.9115293323368,898.9622296012811,2975.7960036021577,1118.7122391140178,stable
43,58588313.85585135,2297906.571591009,11416.952859091258,109732.71497996864,524.3912447014939,1298.334447925249,4774.10425801826,1249.8112245506543,stable
44,57012239.49254061,2567592.780030943,9290.964377491055,126162.98541402383,579.0603846630737,1009.105282034839,3537.200846712749,1578.3680325006094,stable
45,56503718.75665381,2469875.3637356106,7134.914056170043,106684.3284875843,688.5144884077594,982.8748185167699,3833.408929784641,1071.4615343161215,stable
46,52838238.60267334,1627959.8211024448,6553.550101039249,74408.56955245814,543.3221292513924,774.9814673895875,2382.0433220598748,857.5626182467134,stable
47,50954439.09128195,2383673.2895037443,9593.866503710073,117455.29447133504,656.7985968011745,909.0519166221244,3806.7430113106802,1133.7960392387447,stable
48,54818400.64346713,2088185.5514664524,10540.061290813786,121494.05965354794,587.6428440353353,912.6706208197319,4307.357871762997,1441.9190631203085,stable
49,50563835.71360563,1861282.6543084676,7538.45959395609,92039.34441826379,553.4550346574409,967.4516629956444,3951.8767518860764,1325.3416430380478,stable
50,55045965.30644602,2221527.020896861,6011.88901832851,101582.54421009285,452.7753186192198,905.8986956606427,2876.1426330330373,1181.327919946283,stable
51,52040092.15833283,2686362.545845202,7226.2726366287125,110187.64520016227,593.3906263734715,1005.9971548577264,3859.8781145079106,1240.9755444132823,stable
52,50495734.36848401,2039648.4148295613,8967.524265883427,79157.89955054467,599.0932652577249,924.0260417709213,4228.50671779416,1192.0608557663857,stable
53,52252593.17302375,2279226.2378586973,7603.636530219925,114069.38605057799,479.062246634312,1157.3677080538232,3105.6693184208443,1190.9588308643654,stable
54,57678186.06054177,2730758.2488642517,6707.067180445453,126926.8694422609,505.5689455999389,784.8628130060133,3253.2689144002106,1262.0083397256676,stable
55,61249682.41318452,2908029.3969569877,7238.051124947101,125578.38007540764,556.486762496721,868.6648116109543,3239.880427364322,856.6904311231128,stable
56,54064924.48064484,2450653.3085779194,7643.054835607937,114048.10759199505,518.1039548018474,868.7870690601612,3449.462912223465,1362.800008466765,stable
57,59226726.42129461,3082684.009829033,11173.445359785466,143820.92480532854,566.247598687948,1023.5100910134519,4365.292537621955,979.0261157677602,stable
58,58857438.81713646,3443545.5650249855,7572.86579266998,159313.4196561103,640.3364868915637,1173.5422367952303,3405.295568447884,1146.1794801457754,stable
59,52211189.41207603,2633653.2265422572,5577.761476260764,101285.14917952308,550.2635647359635,554.2175217740056,2397.418186633457,908.5228460119423,stable
60,77106507.44239691,4878393.047655087,8306.060428062863,254115.97633009576,518.9015048443289,1018.1678318615577,4123.510787019735,1165.75096588231,stable
61,80140471.79564041,3523739.5199845415,8832.630575919902,131726.31902043667,705.9808260402949,1138.0801385450823,3931.4442130201446,1430.2065553135333,stable
62,81149629.64472803,3518368.3530194983,7328.089511548394,214004.25858461627,467.31591786752097,1310.508118684612,3688.9997089095004,1068.4296580553464,stable
63,91540425.60161364,5156333.675201183,6283.191550657088,203362.81450611277,558.6928301211465,1013.7955988212414,3282.2012302299495,1376.3398330710504,stable
64,64369316.61078205,3921504.9410318686,8486.869338564664,235909.72291886952,565.8744013523948,973.0045803334013,3018.1272906125555,1154.162964451612,stable
65,79700580.0512453,3419749.5316227805,8955.944951744528,162908.98182501088,531.19810194598,1281.3322017050968,4322.237586822172,1036.5207036801573,stable
66,69033292.19160753,3045069.438228661,8091.78716224587,183558.94335067464,579.6452211534443,1128.1116733033057,4591.105693684704,1256.9591881338722,stable
67,78031806.18204604,3730751.149777019,6650.148522977109,208239.7199675804,566.1588484943583,1383.7672328986273,3354.298200008071,1507.0337371920068,stable
68,79728647.69469385,5117966.126810335,9551.837558100433,288214.3533889496,597.1131130318927,1122.1868578365916,3752.714102868056,940.6720008544676,stable
69,79394391.94886489,3663390.401187916,10715.55744654344,214363.56738062963,582.1387726489527,1142.5979633127538,4154.831368782974,1026.910175729959,stable
70,82809827.72730614,3794125.3955037114,11306.226156773242,131032.42657457104,604.8807535494602,1138.6353681620226,5204.500907647768,1424.1260993296328,stable
71,83878166.05297132,4303313.476324138,10865.608014730115,159418.7905868422,645.1866206040139,1094.8552648569798,4537.095551551834,1326.037433572683,stable
72,73690348.7280462,4477860.977822133,8175.990937658129,234821.56995019404,591.6267945791718,1158.3068256510342,3303.036039696606,1205.4154921348556,stable
73,78581215.8227076,3766702.804020989,10303.649885505376,151536.448569954,516.0438277098011,825.1003625160241,4059.0441351032127,979.1804511932373,stable
74,82329123.37843265,3926090.5692834617,6855.601209370293,196190.2537521061,623.6931214454241,819.5671613954614,3313.6683032867677,889.3551560343992,stable
75,75039927.36670232,3418407.41710894,6667.689533274576,123448.4541668832,591.6908271817531,1103.767601019282,3190.071662996552,1182.9426466470213,stable
76,77717551.38761248,3877941.6013860693,6517.135491919101,210328.3762203808,499.1701092597814,1058.3158157352689,3392.704019683,1204.9223840108718,stable
77,78552023.3217102,4534947.520104289,5675.218737977988,169373.66908508868,555.5445032860719,976.0266960850862,3368.2358038769426,818.6786697788486,stable
78,89592885.56462063,4685285.84950053,7988.42370003026,255793.9951881404,547.9740553052771,991.5409202263016,3973.2849626902394,1420.9361506068274,stable
79,74069133.25719813,3807911.1849425863,8422.575895714117,166497.36545703592,517.8059937139975,1010.5071580163608,3981.079376531164,1298.7675468134294,stable
80,93325966.04690732,5657489.76153606,8697.357937789635,277920.44037040754,644.7656223720758,1225.8140157868243,5032.508862888385,1334.6824835791695,stable
81,85265143.76526019,3613675.072200038,9920.497703904954,215808.0447703199,646.228853669837,927.836741941375,6338.713780323578,1336.2220715566464,stable
82,97996009.10759988,6260648.031420585,11956.650438437386,313657.3223254513,588.0722847988043,1187.366877694226,4723.754870488619,1404.7099446853274,stable
83,115098756.47746304,5654630.450793628,14529.474160204614,387176.811251083,701.1824219794798,1808.4099190819204,7007.54229684078,2162.8197464377326,stable
84,93813990.52031295,4347142.568220293,9150.803024862134,265714.7043455612,630.333453749432,1208.418738108251,5776.339037674714,1375.879809845318,stable
85,116376623.39385262,7262969.975314175,11605.967643027378,485088.26294831216,971.4241341845869,1693.6045098245838,6271.240890342526,1384.5875754204963,stable
86,94349201.20795263,3488598.087082636,7911.834560023867,181934.63170791985,581.6169153652779,1164.8454412086126,3311.889273913269,1266.2771120724074,stable
87,121279689.82846941,5370406.581134876,10312.199754870331,242444.21950120572,732.9761472362885,2094.496835882388,6123.293387013044,1352.5622745944645,stable
88,89097970.31582896,4161413.605906485,8308.174284374147,259741.93036654167,757.139277529196,1484.8926152053673,5358.321624875018,1548.8895648000948,stable
89,83581846.01392873,4150638.1468129363,7837.265532908842,240829.79851371556,638.4461452073353,915.7714479443879,3934.9833681811147,1302.61221290973,stable
90,76485923.12775907,4359558.373408868,5694.857684731648,190161.16807681328,646.399964195795,932.0343032134895,3706.08876188175,1028.0326514957785,stable
91,114063853.0501625,5972340.58562967,11094.369894968313,402720.08671586955,728.4906054536232,1761.1424655889916,7203.6801890903225,1514.3463808851618,stable
92,86721373.69553483,3530689.6570546073,8185.804294918775,200495.88506775376,615.4456375291882,1013.3261535053252,3898.188886897641,1169.8192341057554,stable
93,94411008.30230854,3257893.5953804553,7127.6684798995,191732.60116503696,558.7961990222151,1052.1288536839547,5157.626545247614,1051.4529041230924,stable
94,116146142.62041847,6224583.908210612,9190.152391687252,393787.5369561361,944.3092669760106,1512.0712573980272,5500.081958721237,2001.0102575569256,stable
95,93188698.50013572,5095938.864021067,5950.182056349295,376995.5322132867,589.7805502771105,1089.238159742108,3776.8277710431753,1750.2148130087596,stable
96,113488296.72649263,5737069.354551756,9303.146202272063,313597.9689250483,778.8370908553916,1487.4257741118874,6306.296211238771,1311.4165057206162,stable
97,83721516.35027133,3023975.196494976,7097.59212997935,202343.60853605342,496.01427479263907,1259.7738044386692,5066.328352008362,1893.4985737696954,stable
98,75876159.04051912,3444343.821768812,7320.678120470046,230861.86469396297,564.9236449984959,840.8571012686778,4864.283894508743,1259.975535872946,stable
99,79601084.67344444,3565513.6919029937,6649.848591694084,226510.23586006768,649.6559557910888,1108.4397950071855,3541.0065274721637,931.2192231585201,stable
100,42394300.27861664,1795425.5831948114,5784.453618290674,143541.15659704333,559.4322639316574,851.0513548264938,4468.903072885001,1192.3038442959364,stable
101,46755183.296168394,1989391.942750232,4191.099765402456,165924.36334358182,637.8300313625043,949.5199686005612,2766.1090977082285,1114.4070251822202,stable
102,40604723.47896054,2137608.3715431904,4662.277492529299,197600.61190609125,623.8312984420671,722.5830047043668,2839.20767781611,702.3992155463778,stable
103,39039379.264706835,1923108.4251146826,5547.6829791026685,166834.83081448218,576.4500072758433,744.1189879858256,3166.0110649592248,915.0499162673516,stable
104,49495344.70570509,1448597.2301997566,5059.91436669329,119611.75944370843,612.6122554339609,1153.9820290153925,2652.2242227362267,1090.0460618294735,stable
105,32883694.80625444,1292272.6623329606,3480.6535639407043,118650.34918571991,565.7671596290988,934.059881064689,2620.681169830622,1085.3983058955328,stable
106,47016676.30403221,1618262.935317876,6054.224601801152,131074.5862399827,618.7914398105595,906.6740422257851,3653.6046656444078,1423.860740170427,stable
107,37059017.1383168,1465776.2753209656,3874.7757974299443,90817.20962284987,633.3848552963881,775.6559623719907,3358.5430960041676,782.0916935344214,stable
108,37473595.00589035,1885361.0128995723,4146.602889361983,114976.11415194183,522.7116727397977,663.3416466185935,2260.701092518072,636.3106573360665,stable
109,45667251.46645567,2210260.579803852,4292.750001844022,159979.67346442322,541.6337806656088,650.4327201583371,2292.0181188480205,1022.2156414030346,stable
110,36697300.98113505,1453468.6454356667,5041.37662032746,117042.99945925144,420.2964661076439,809.6438820351672,2049.8440607881544,979.4867526580939,stable
111,54452212.577874884,2478339.154108101,5333.823774181217,198336.51265492034,532.4304248706699,792.5484734684611,2854.612949093612,1092.9947350054174,stable
112,49098651.451725185,1838114.607118141,3860.1067966088403,123967.11008321351,632.8949327273743,948.171123309631,4146.9969202473885,988.3032136892197,stable
113,32318586.28800742,1819328.1873876655,4115.7560702742185,124962.49175446505,535.6495205354072,658.0705838595127,2568.6339786536555,787.755639914517,stable
114,47905162.72134421,1512785.141425772,8059.672742909735,135532.81617651417,638.4705781195887,1379.7004530149636,4079.0310479647624,1321.4448438171837,stable
115,47806607.97557449,2537363.2333825426,6832.683980244228,199394.55134990913,681.7810235247324,860.2767356608443,3674.1689435514168,984.5944466372782,stable
116,32737215.666756008,1029191.3796238725,3682.0246126861693,98800.00987455483,567.6956651749997,794.3579203971235,2623.8624278819643,1124.0547998055756,stable
117,40775305.757483415,1654845.4616029023,4215.296928492561,100624.20149224985,708.8411330271674,930.9700759091564,3543.1999182697036,870.3967011741527,stable
118,35830165.02397147,1491537.4591095753,3799.7572617625992,99757.54497314747,576.6132346303485,698.1711078786881,1795.1265756995501,990.4767764026312,stable
119,51156030.035266005,2173142.160074875,3114.04385693515,126975.57690579523,516.8596472880515,819.2214144358798,4630.6012035514095,1416.8679915755065,stable
120,378039084.55957776,22084393.35419942,30309.070900981762,1935025.9316672,2101.560279247157,7626.273647787307,31840.508540723375,4662.918776947603,transition
121,260778536.4875001,9902844.607396454,14834.12993986334,1209694.0248893101,1321.7089911640614,3433.0451982175637,11805.13526376298,2380.9421462657656,transition
122,345436861.8526651,12566932.403132018,38075.2617501242,1109708.405553251,1463.508536679272,6683.875434611979,22937.374419354353,8989.469772300346,transition
123,233088280.05777693,9261811.6005314,23966.59316722627,658496.1995628291,1276.8971129094525,2552.013586889319,19254.506482839177,3296.06181828744,transition
124,378167807.2295481,12481466.468051162,22959.036705215323,1225748.5206566642,1681.4719397963138,4913.188704094549,27636.65297859162,6011.523248344002,transition
125,305874967.01914793,20536977.422291663,29166.5780024447,1814918.818584722,1199.7154199335926,2951.237205182767,19933.545851665218,3872.637053357199,transition
126,373861387.15665495,15972852.067699926,44394.5980703621,1275851.691807144,1486.0810313286995,3926.933300468278,23858.712257873955,2472.194322966224,transition
127,154894016.5459956,3743954.757345868,11270.15992922852,319250.75009918277,845.6529365089589,1901.8259932996227,10251.969256380402,1897.1361335145464,transition
128,99404805.22169362,4323221.946126054,8586.91224328178,362826.0113272536,681.1294505507656,1430.412778433432,9123.164079041351,1560.5614439498397,transition
129,77705283.70347439,2760542.10532303,10255.612926415492,202873.152628576,821.6677155326682,1329.9935866520125,5991.854669045114,1674.9617458568246,transition
130,121094436.18258323,3495416.279588566,10621.997699998275,251487.05314486456,758.9855922718477,1404.322341051302,4061.522621123002,1385.1582970300074,transition
131,347321800.9261103,21574471.628541976,41474.59470175909,1793619.1782695635,1335.9849344090212,5904.031731397311,31031.72679697191,4246.057042094782,transition
132,518357352.3217982,40636389.420266084,43379.49906051966,3125071.898317971,1131.1969692842963,6080.4643310759675,39177.74440482607,6433.959557567216,transition
133,543429260.4402481,33797328.84612997,69247.99151943791,3482346.938058029,2219.9740794178533,8936.853833158424,41453.1678736781,8715.451174705995,transition
134,590614057.5508901,40571940.07511803,73275.73025407779,3761056.829882738,2334.5685035645,6915.535577387559,34650.52838948947,8250.173726302175,transition
135,612594088.3174329,60260475.249409325,92936.05943289079,6236692.734715213,2323.6073250429095,11189.633539664792,35285.001435901475,7992.488612830249,transition
136,537980379.7043854,28317908.73962739,54881.61972998487,2399570.1547010643,2082.3682692428465,5967.817980629164,27875.587038946207,8487.91432704735,transition
137,597564518.2487845,55096216.41241626,83455.6874817726,5416509.821005163,2604.439022889097,11621.829842860488,43499.47205606934,9957.001048916756,transition
138,560568120.5738021,39589025.09353422,37505.94855532652,3551117.35196873,2240.099981664125,9610.318261127935,35310.080223897654,6643.120548469559,transition
139,719768391.8269547,46526313.46539456,87286.14259281168,4422139.120271556,2772.6237845015294,8054.593255994921,40677.14883096004,5411.174203224513,transition
140,522133036.6595046,39516807.50448443,114844.38397643299,4328409.924618084,3964.3981103350143,9245.99219313783,64604.39177211118,11090.716976233163,transition
141,673582381.2528431,45133695.14860018,70865.6427964453,4245482.657678964,4441.120178198187,11640.474466560749,83575.19313822403,10745.50778244057,transition
142,666796504.4810623,54868286.480908126,91678.50248697985,6057774.064464788,2958.5979684321965,7511.905370230687,47319.99894210223,8166.546437485024,transition
143,611986860.8507622,42866503.36610775,61632.080422982996,4707455.180313546,3124.3186957241273,7628.188439408099,26333.23644150688,10069.02479741873,transition
144,642090002.8030883,45227078.847885355,87868.6596506788,4416466.180371696,3828.8870233633797,7606.766499576804,35082.6436919872,8239.94207327797,transition
145,648893241.3250489,43734234.646030724,75279.8068030791,4183616.885228906,3289.0839443493073,9824.64479427351,57342.56434897093,12102.84585811539,transition
146,611599436.0807829,49328250.44642956,94945.10384989761,4997594.14992645,2916.1232183529282,10266.161689835864,96163.99864637596,8549.2507549466,transition
147,661369988.7150578,49437030.80736581,58187.27209779435,4950405.553338248,4671.223591376599,13262.22794524508,54873.708938427066,8075.947687153238,transition
148,668634687.8997717,52068453.82307167,61127.68931363338,5426017.302055289,3991.145845857166,12264.001007879273,30609.546543460754,7766.54556383699,transition
149,501951732.8384326,49165565.96173516,77782.12242919425,5777459.724060343,3177.888699636244,12440.421709663202,37785.67304146795,7241.2642825109815,transition
150,590676257.7961723,47013675.710921705,96567.35518967021,4487869.223076175,2989.9766297958286,14181.56553778157,53397.26917074984,10622.64182000928,transition
151,658947885.7064428,34968545.26501286,78703.32735246961,3931276.007268285,3372.752012434544,9199.96802301745,56727.114461623576,15991.490248054954,transition
152,502306926.5638993,24345363.442415204,65997.80736440567,2278303.150962893,2946.55669244776,7686.7593827250475,57918.14555135321,12240.550409048392,transition
153,635483409.630237,54313106.62724846,102346.3181415425,6331485.51701957,3186.4938790127694,8799.102001602767,50631.492922944926,12398.875676507372,transition
154,634541084.9756906,51285272.36644264,108662.09284096444,5496915.024515506,4649.3177731681435,15199.762205593404,64277.18781033713,10606.3919401764,transition
155,678205544.953426,58920746.206424706,92822.29001952193,6570910.413512563,5212.517294343825,17532.893107072603,86649.45081724778,7786.632516361809,transition
156,537546864.6470085,33869613.20802347,59577.54489485226,3574970.43540529,3520.215697871509,8087.405346593067,63358.10504470433,11946.47935882867,transition
157,610850351.1220864,39011737.55132456,88047.76245390196,4094656.5903436905,2854.2816568611297,6279.216324286397,64722.05068876908,13410.958441565734,transition
158,611518164.9078436,38373144.028115615,87424.55656925293,3526867.048019866,3677.727673563363,9680.044768444674,66894.14832255144,8841.19257424024,transition
159,612037909.8545891,35667150.45742847,96665.08153247784,3784067.009508493,1978.884591125166,12608.174574930263,60997.22088921834,5695.938826577321,transition
160,1120637329.4348774,111225223.71389098,287177.84729181894,15164147.733863557,6139.355214125809,25976.274734204035,220923.01908461,30177.081703390122,transition
161,1062180193.1321069,93616580.60948686,134522.7503920921,11775470.9735529,6718.169408340048,18888.59978421017,120204.48109226658,12910.49566222328,transition
162,1216124164.5231106,106454044.26613177,365126.0110426632,11786421.6097681,6388.512214506067,17353.335427806822,76208.16398741076,12216.857038656215,transition
163,1104337521.884281,108541393.90935543,175438.74524964372,13551022.55999586,5875.032757635535,18030.322527214383,123184.13915142103,12511.493767719387,transition
164,1141935663.8452673,74538829.60265748,213831.29779466364,8004890.622947458,6204.423599909252,20255.232154157347,135597.2750143731,24808.58530152248,transition
165,1220872064.368981,107605903.33631805,430973.8760351529,13905432.43050414,9053.300687249986,20097.528680826286,130067.81061074269,29795.117982107287,transition
166,1107070411.873517,70280359.96437532,190381.06955640222,7575594.807889857,4733.377127897441,19796.34866323256,77517.23327689979,17468.10066103841,transition
167,1102475654.0743468,75271825.17485175,218785.48974857343,8360319.102949733,6271.345778381849,32167.7857333501,224561.76507611503,25356.69404064494,transition
168,1004336549.449832,60628954.51474284,257832.62644254844,6752770.911901101,8123.017840606861,15537.25223086226,76610.22720021878,18073.55342890244,transition
169,1176752641.6602557,88332830.12288837,380427.51984545,10278941.43626028,5590.607730439232,17118.777574645483,105358.07958736751,15490.446368444673,transition
170,1094585267.9397488,76689392.55960262,226498.48341667958,8824606.095155574,10046.507104346047,21424.96245400059,187159.54672988385,23577.917128707457,transition
171,1181382468.356511,116772741.33300863,174543.2879728582,14785524.008716034,7073.145721093752,33924.83533903221,271457.8818969173,26347.820979954777,transition
172,1077421488.5153625,77744919.78056736,141066.16002130238,9289957.462895146,5831.802423284818,39014.75293446662,178550.23696789774,22772.01237375636,transition
173,1247807181.2812717,110037863.80576137,239384.05852039804,13714874.513582954,3781.2908207216606,16385.22041558461,170761.51023607972,19449.438217115825,transition
174,1133118169.6258633,118010752.7790081,248443.9411163568,14819821.958089847,8725.072358529558,17068.047801849036,227328.72848179948,26732.308309392723,transition
175,1053258060.3456224,92153060.19637202,92724.11319847165,11155116.837466698,5792.656922803233,16499.27975796436,71875.41153910918,18345.344758683565,transition
176,1060236515.8337079,74852412.9428781,165898.55142975177,8396053.482526625,8668.871274080679,22853.194150522282,166233.7212884706,24084.892823369046,transition
177,1271479977.3517137,110749972.30833182,182593.06685161675,15038477.448486637,5339.149703019105,19688.198973741648,120145.49562493223,23936.571373369665,transition
178,1100654157.7274296,112800677.31314614,255929.38745707663,13484518.096806075,6350.9541528117015,20218.933252191062,177576.83010213362,25699.256086323257,transition
179,1000309075.2976668,92889637.87169796,239848.51225529914,11682857.071204158,5129.02714415146,12379.112829208767,135435.5111480698,13622.69311406964,transition
180,1675499729.7609785,83018268.79284377,320247.96250714455,9279906.758865125,8402.011229944586,21008.987735333845,199168.6519549728,35630.29501716473,transition
181,1534691590.3079734,92875570.42806321,230146.26111073716,12369393.55247524,11012.64231440333,36967.93922698342,187768.04618173273,23117.7069672869,transition
182,1688053274.3711643,108335535.95937723,386814.92647485965,12935282.10318726,8925.476717343334,34246.76695193838,149449.82650547568,19994.18423544936,transition
183,1813989016.7263541,90488001.49753426,319435.89200877486,9029202.383850195,7625.83120492432,22179.614606302563,283846.3232683199,14576.59158789484,transition
184,1690639391.022172,91367141.64553846,372870.0396784588,10563196.366824912,5629.844410371815,45396.04447610111,202479.80133140352,29630.298465395324,transition
185,1612294330.4461207,86744664.08749439,426749.34044922504,10995616.641534444,8690.269208595382,38608.95340398385,302335.486477935,42969.32516204175,transition
186,1844251698.766139,114825170.49268673,488748.172111334,16055798.953176102,10931.096115617302,51328.38702228279,274652.7539625869,67326.10259975586,transition
187,1630332862.1631153,110659306.05983838,474117.9575065735,17420312.02208921,7698.8523397023555,40960.529909292665,287460.4960179914,30985.294659646952,transition
188,1580506862.31801,114858127.83076495,544945.8773630965,14115071.845497902,6595.35977579428,26661.4789755965,93750.20620817844,25653.82864085647,transition
189,1758895104.9878335,116175448.97731577,231500.35066802867,13373789.421680199,10173.71422733449,36571.1071929934,221322.88675186818,28558.864525147535,transition
190,1544984443.9857223,112778582.06272449,426924.7814279991,14353536.852037579,7752.824864410823,39452.06549698797,160619.28918911476,18085.553777739507,transition
191,1627971475.8765988,102280214.92860606,505204.0680906421,12983601.465519523,13768.944947908463,40902.03414650258,306068.321317751,54096.50695149135,transition
192,1722563486.8335204,104470281.80447617,478049.27045306686,13103969.474093808,9804.877136355439,44990.42493454402,161864.28521153962,25421.73329887815,transition
193,1693206825.099823,92370460.80174738,141837.44703503975,10932190.756656732,10221.90064579804,28848.719102492647,214162.79533723218,21755.717131273042,transition
194,1615213873.0322363,85958677.97877337,516893.6382379375,11313103.884531492,9778.3568808249,36004.59322943701,247341.66348291197,37420.930561312554,transition
195,1743528700.4888823,103881981.20514025,339854.9395203051,12447930.851723067,8651.796527104518,29772.424693137134,210226.48378472144,28695.268043851793,transition
196,1685711213.4755936,93588297.07861458,222135.3077023783,10237435.802856283,10010.71822100936,37123.04322166517,277263.6404484697,29290.009040614703,transition
197,1715091838.4465182,92396362.05218372,415011.4399677351,10264198.137155386,20577.83343824926,46126.65544627921,365452.4168688404,42908.2442926599,transition
198,1574987342.9331555,105561104.02282797,675312.7630786172,12766001.88618406,7884.640638510123,38468.01450299507,156114.4148371811,29136.21075553449,transition
199,1867481544.1234732,84559204.95566554,265364.4314801934,8999358.533522675,8444.205628315434,34613.779755648386,203658.60461686246,29219.015734719756,transition
200,2606205100.1251745,133542907.34420812,357432.8465324919,16116968.365402827,14344.803083879851,48832.26822076517,433813.2121292088,59996.78291299746,transition
201,2599525868.0330195,131813727.87975454,369454.9252164936,13681926.819647515,14705.052494533393,59087.91493817136,411070.658802853,43455.47902150768,transition
202,2656293616.9258847,127453645.30155669,417745.46834409377,13519864.181081593,21029.0217540462,42389.42217849169,260520.5140823242,41448.984924662036,transition
203,2533430357.288819,153740152.38781592,471641.44027868274,16408123.775090614,19800.79116968797,57345.78481043574,291676.55853673123,33226.371125373575,transition
204,2575396942.502034,175072840.94793874,624832.5714385345,20489929.269180387,21044.124960352376,51589.21830186299,274062.960667013,43228.4171065617,transition
205,2671904540.988026,136598701.87706378,700237.3984131318,13765543.69942917,16343.835867698199,47060.723047993946,371238.64741864067,40608.55229684651,transition
206,2492872342.708926,142874834.48482072,624910.5904052041,15839449.700909188,17795.423971998527,47821.67864819645,288079.82815008884,31563.255703547642,transition
207,2640045321.7096543,160144708.8355607,511101.2952441577,20244550.820951976,15356.739439077755,56526.680185986384,293276.7064651507,35851.714927096196,transition
208,2577412845.1814733,139238728.3994463,510423.0208690163,13642938.940175194,14171.34825295989,43198.51208619554,443910.4588508769,37518.54626115273,transition
209,2518481530.6614313,147369521.5993784,598314.5735280276,15529471.716368243,14128.463970365981,46196.241687284,330211.47424985375,35246.151992665575,transition
210,2514259739.926188,164543843.94613907,373477.95465022634,19270633.787774853,15418.02231534352,39622.873243231676,273143.964263039,31100.402404100703,transition
211,2565880894.7945313,138235232.0852067,478075.2662207498,17070428.316412468,11666.296825168183,49801.240114905144,271285.41664414876,40922.25729378918,transition
212,2539898824.0292735,152058775.91744694,487923.98409107234,13501155.850313317,24672.959901116315,39966.23068670186,241574.37864429477,35944.42397083266,transition
213,2588893099.7851753,128027157.08224948,336893.2301578709,12522438.289429845,16550.387406520615,51632.239112197094,310939.2528867648,42578.67535047652,transition
214,2522024747.77466,133070653.27192928,476127.5295809543,14934733.569520408,19289.96418832334,40720.61297751132,272127.6285487772,39799.554830862166,transition
215,2573716179.894777,148510086.2489158,372143.7181950738,19455411.504705217,13533.677031337276,68725.5895327893,378545.41133260325,69672.16187120172,transition
216,2617853826.521568,150247210.00145245,366957.6161816726,15930411.146141237,15309.718751371416,45414.40221765183,222077.60576244557,44642.3701242114,transition
217,2475212375.8705444,133225465.86004937,615836.360378963,13351172.204599945,16962.767884035762,46360.016098780194,288360.88390211837,40189.39178093476,transition
218,2562161467.5776515,156784586.86839387,750335.7242046922,19266583.779238388,16797.886947527368,72945.39968917397,509269.88910617237,58364.43725621776,transition
219,2609054144.7737446,144878607.0663516,574929.0059270301,15468917.97626677,16483.393083462222,44607.22551587844,241488.04478632097,44939.315952528836,transition
220,3271310914.477853,173532240.54116732,681866.2786058916,19763949.465865854,25877.33203881245,77887.4143534378,450252.28947353805,79179.94145037488,transition
221,3138033106.698561,193407088.0852601,715502.6803085722,23160573.413153414,28142.89084880832,85132.1339501122,497311.4649662297,64465.8739958779,transition
222,3201945240.388584,175730973.85898054,512841.89887660753,19220275.56607442,26334.487883201924,62367.48196617424,467452.6868448012,57967.05804839693,transition
223,3171351856.5601835,203944023.30036598,702726.9454367965,23076655.360500254,34346.57511486438,75126.94142001128,438141.11525616643,81853.70731017741,transition
224,3148887284.658176,170217800.95733693,751521.1545296616,18871593.552957878,33321.1561509474,94633.05670893361,342219.7595477841,58453.592106016324,transition
225,3149608444.603566,163548078.71907595,993574.8752180723,19042383.27725598,31643.219535617787,74603.81806796251,624118.0259344485,60950.200911408705,transition
226,3273662712.013934,190171722.62505314,816803.6266652707,21821669.948577948,34938.064642433106,77577.93004554778,557381.916793072,68873.81406736527,transition
227,3147686667.7462745,151650299.1409344,1038062.5399998056,16444938.208783846,27489.054802419447,78920.70824312673,535076.0579459321,58797.654683462715,transition
228,3163982838.9695272,180345900.3923502,572829.7552410993,22567974.029418066,19770.636108533276,75746.31802892168,354444.3315830927,63950.182281525136,transition
229,3150377774.1500273,193341984.36496165,814325.7351052203,19880518.64457472,22888.078978020167,64977.6639568741,410615.35345614294,56999.746498709,transition
230,3207147276.7005477,186734606.0830029,729846.5190630385,20599219.494354703,21388.952026315645,74816.12989210268,549599.3944338835,71279.3910162017,transition
231,3192126026.7991023,197205484.87781334,524583.4701934587,24985830.623016004,28595.759695972007,91913.24115416587,711748.6799590898,87389.93391768889,transition
232,3225000725.3680496,186184921.99254683,855713.9393397835,24455247.44860206,28587.427949393837,73352.25275840255,649516.0880964678,73425.32272702458,transition
233,3205241790.345442,191542345.77862325,553193.9520273185,23170976.24980582,30677.679980667486,84864.23512350512,373912.96763572673,46229.18757569212,transition
234,3239696398.09227,211634430.22897565,850370.2774276531,23574631.44353181,22405.18765005439,69541.37017267958,398679.35247536347,83310.39553242427,transition
235,3154328502.8774824,187209526.41703597,685337.0224847905,20779268.33767264,29659.266834724098,77403.92524009125,476202.0701565056,63757.09106362617,transition
236,3099632797.2383447,179300057.60456905,655725.7691848326,21137094.63632014,24811.228875139364,73010.54869565112,548819.2917625989,48239.59727919585,transition
237,3227869293.211381,203086388.63080478,672513.3188995308,21494691.97924954,31120.321472634703,69878.5831558756,626494.6735540527,59935.75620003335,transition
238,3127698807.5604906,183253324.06875756,664865.886662282,20318759.58590917,31069.864280818976,67922.5338726982,407183.4935897239,59315.48957023308,transition
239,3200029787.985055,189011759.5499033,975077.6477303173,20744931.0320959,23860.99244113341,77002.484715778,600492.0201388329,97001.6983204428,transition
240,3746367426.5185537,251525472.2199092,755263.346083967,29175904.051525522,38466.52994438501,71396.50907299202,275046.80130938307,65053.33601870038,unstable
241,3871079607.7348156,226965007.57344422,957198.7410869366,23740867.943803042,25841.55882712376,74670.83012694631,471499.8044394799,71378.41661299828,unstable
242,3882187609.363474,262542523.77826428,732519.7440263873,30791197.28887842,36335.8717150001,85520.7759113965,561426.5133957418,61498.60939491097,unstable
243,3951653709.762811,254852829.7838541,1062214.5224718524,27525073.545618568,40845.242610679255,74025.54991674518,547460.5291016365,65550.80063655772,unstable
244,3879835029.5658317,252510968.89267924,804209.620297231,29639200.08028995,33305.93547641323,79301.70911794681,511911.6856685909,96021.30325741787,unstable
245,3885475385.6945834,294688251.4958404,974169.1673094496,40564347.58963989,45313.77874819166,75766.62234146959,661265.8618224971,91395.76813829632,unstable
246,3808684172.197549,271553148.25277954,953992.3562032207,33965792.06126946,32270.515286631926,99166.03923634774,522656.4187172723,98089.1669229823,unstable
247,3863150415.959568,298960287.9688947,804994.0093008415,34877912.54933648,30995.03605903871,83171.6947369137,345842.65309544955,81679.33549027483,unstable
248,3864504819.5149517,261230951.83099324,1136868.8922129108,28988446.632478714,32235.5888537727,83838.94332272014,544009.1471791832,70676.3869273986,unstable
249,3876865537.6457624,273681765.66029024,824822.8236763722,31889136.79385198,50435.01557721879,89538.46660689505,535044.3939140185,79125.80756608877,unstable
250,3903827623.214239,235812637.7235526,798679.756011311,27263498.37977265,48207.337039750266,76327.44117425765,559079.1367914606,82149.6488434433,unstable
251,3859807558.3378644,235331824.3970468,1257409.638922194,29284706.208115526,31404.329437624885,82609.87398370318,865775.8952781375,81303.23469555129,unstable
252,3826682600.159067,233530228.1839778,997056.4324814084,27394478.810825363,50860.36820815501,115025.8302969667,620965.7440165695,114243.34285887056,unstable
253,3829996468.993487,250456871.1051747,1088526.4242829597,29996030.354116343,33182.13532191686,74726.30844612377,774940.2548024391,120239.71547059182,unstable
254,3874867146.078526,232847543.4161739,743637.5430754378,23872580.15755977,36368.67033388841,66620.41907278844,359548.45743932266,80827.91943484014,unstable
255,3815446532.317504,214369065.0291575,689162.755760969,23808541.11041142,32026.57387081735,67738.21083653696,562825.1508105935,71521.21849001384,unstable
256,3864971121.936321,261195488.02957174,992984.5094882603,31410469.514525425,37128.83574902085,81734.23272454963,710851.7275446017,77756.45330055247,unstable
257,3895896671.3858643,223184080.70374426,731203.946489522,25480765.69806465,40019.989528233855,75314.5969875907,404347.6770865467,64732.745328945384,unstable
258,3808039884.0333066,239167129.0413058,851134.0682736139,26537019.89323166,46349.163143752514,66380.77842045805,617178.1794318524,88925.24179855503,unstable
259,3808474898.53317,231855383.0401348,784464.1954001503,27127800.87547544,41324.9849273488,76075.85062742357,407249.2076958137,79295.0093064003,unstable
260,3888484482.1709285,195943415.76947922,807636.5005377696,21252018.43148558,39332.226578424976,94058.49592679307,576938.8441426567,50175.834496532756,unstable
261,4017594692.1625524,261578888.4508682,853946.5810136283,33606106.64044879,37045.688740016674,80065.46061957763,498811.3551133366,93775.61040550067,unstable
262,3896280250.6323977,246346311.17956284,966865.1453337109,31751357.77415122,33436.865877170734,68091.91396438304,691932.5443343801,114016.9118940366,unstable
263,3971264867.834585,243101881.75555307,866309.4758304324,29471595.12752971,28034.410133420988,58799.924623556864,481020.9817109086,65851.71141745939,unstable
264,3944520779.8743043,218481672.68235242,653615.9410689959,22979942.69022557,45634.1121711866,74582.63495938206,468235.5791102972,73196.45049723069,unstable
265,3841719520.913452,220331798.9064496,806442.856889789,26004610.700304065,39184.55916470425,92082.03794419808,633410.6034007987,61828.05882471558,unstable
266,4118331784.801801,238979451.87539977,718698.5727600696,26388057.26836031,47688.620977276885,66444.53393268313,429258.7062610861,63603.7981047758,unstable
267,4078275872.3311763,273782688.04886705,680200.2199723495,32698965.909362335,37142.314345744286,69977.26974341924,469319.32139086095,64391.1090892616,unstable
268,3953049211.3311915,253317903.52478737,1017146.5260993888,31929445.40622241,46382.891879576404,64391.294193215675,514626.5080579139,93998.09355493993,unstable
269,3971762531.3968763,270795527.57813805,846090.9206306103,30730453.01118329,39188.79750111667,71081.73982680043,479186.0274012647,72822.05477815299,unstable
270,4010401378.1835337,247093291.16638958,955558.8860192032,26795668.644039184,42364.09286034722,83935.94429681938,627493.9883432293,80335.1271511088,unstable
271,3979552270.7584963,237496022.68660283,796075.1447906647,28381220.68127503,43161.28542716524,62723.06940593875,530573.5947089911,68166.30103169612,unstable
272,3903547020.408303,237825668.63493672,1060029.9533069513,25815434.64297865,42953.735547525954,76061.65356848217,414556.16718068474,67895.10301329601,unstable
273,4001997699.8896933,211445732.4357011,626816.2951689404,24423967.570862565,38584.42301718356,56616.41306109037,497775.068538963,54277.39250004596,unstable
274,4016606830.9925103,227495779.0134314,862996.9611722138,23752811.91260334,29012.469264251697,71948.25130547011,482284.95427316875,52625.20999594897,unstable
275,3917711816.6727834,252707310.40132338,854536.5796287656,31748262.811816085,43613.03866776372,89678.6742797887,651584.5009016776,103341.5547328115,unstable
276,3833424465.5266743,209224059.32125738,802015.7405838841,24678508.044189163,36877.50086803682,64423.85092429795,495908.71127139946,68996.31304925423,unstable
277,4019724164.3097486,286697475.84092575,620955.5946358541,34935755.25517136,33122.041401470924,55294.988243542226,530103.4929982377,82467.82110499027,unstable
278,3985066838.642452,228597559.55434886,786204.6773091395,25140341.797511254,42746.319672271835,77729.12344346123,455189.2542172467,55024.47134572578,unstable
279,3964431175.7495427,240274303.38951185,774590.0189002361,26375456.031154238,40280.34210331029,74628.23523787549,307276.73734522355,52135.59142448425,unstable
280,5404715923.954904,554580411.6455183,1779109.2539294139,92857997.35179232,85984.20771329122,131559.93548211426,795041.2551397204,138190.75243536272,unstable
281,5159803485.468859,587117804.3249534,1719210.3503370357,92992145.71450137,63182.359647766585,116846.93492958369,949871.7180906234,145152.15311456862,unstable
282,5183813638.026882,537958166.6895245,1117783.236185036,80535540.35613109,80855.0469562231,128102.79330136448,789704.9464072931,100520.22819367792,unstable
283,5403574238.81956,513194184.757629,1582575.3261001518,67693855.55313459,98611.09701533236,118368.23612353507,1141932.3877297703,124750.16613670501,unstable
284,5350012697.873249,547058949.3236861,1208365.3255969393,81426083.7496233,87972.24202722116,117474.02688411696,846400.865191142,119154.97471703372,unstable
285,5239643247.129483,594569263.1797615,1701436.8278481793,91629997.85887878,70041.84208528815,107345.27917060096,1234524.4755214928,176511.49667376737,unstable
286,5251760886.69706,521630870.53506917,1663753.296744409,72988497.3371478,60975.47262866502,121520.83513827485,753089.0064346417,134087.98795892487,unstable
287,5339206113.591793,503708612.3062767,2123568.3902747873,81094431.49485254,73226.55854108413,128522.37207046224,1214650.5239875144,139540.24647442464,unstable
288,5304905905.80983,511822278.3584944,1589446.2457910476,68957357.08151229,60684.7814435322,110065.69438767213,1067195.4414863626,129000.86442262355,unstable
289,5341257151.057055,563698659.9407508,1619228.0676662275,87926289.85237534,77900.1123565224,115709.00487801278,1148161.8254417467,108950.32461258592,unstable
290,5388981174.149442,535988251.5888403,1476288.644730039,75151077.27135198,80203.11225436321,94388.91791780936,1115633.0420969075,110038.7000330552,unstable
291,5172801405.671663,561495600.9995068,1750623.7078116795,86304340.435335,84873.5883174869,114726.29118910168,1165435.684683339,153512.24092959764,unstable
292,5226262196.895683,548038232.4737163,1990183.0462373118,87564784.52672961,72454.22404545477,118999.00682216675,1512059.4822270847,144440.01577943872,unstable
293,5420955234.177676,543589643.6655511,1524628.3204543449,79753095.40915227,80045.09281212387,128908.32947673478,1123560.6708198413,107472.68534134697,unstable
294,5209763384.950759,538371153.2953615,1608136.4057027844,71870653.91985206,85738.50687084171,114004.85631078291,989457.4348808555,129946.61040941124,unstable
295,5199182798.929394,525014034.7548459,1129651.2208028643,70946282.58155526,61671.17012323276,83053.94757555891,799581.6523188616,106699.10907309846,unstable
296,5319209193.668589,508713502.3679512,1241545.8679326198,81088742.78112942,70643.50657479065,120488.41228447364,835849.9087430867,95082.74197523459,unstable
297,5162184090.317219,540393552.5145217,1447806.443948337,71933196.51917878,82901.96316716983,102749.11113391237,1025063.4756386818,136238.7094679092,unstable
298,5320013660.564415,473039126.2106047,1527742.131207131,69087328.78503473,65499.71022735967,78718.06181351475,1099860.4338511743,126829.32178742539,unstable
299,5250403933.456499,511302326.9741931,1253480.339823011,75833248.73709023,43490.86843672548,101212.95099000026,922688.4078525674,142019.02438235065,unstable
300,6523079414.210072,612086818.2818896,2386426.986198635,97667024.35333675,120290.19684669061,148213.22086801744,1879038.2457702656,224627.0950615223,unstable
301,6648196930.698931,637819364.9426857,2765438.892510688,96529883.9923452,102530.1106559143,145442.44343613012,1668961.6812139477,178038.38563044026,unstable
302,6514856484.208642,587357797.6619514,3406411.7890410773,78636546.31730251,104292.72981028928,137452.1245909257,1651592.0840038895,316504.80030317005,unstable
303,6608836564.714066,601118788.2305893,1674555.1184991403,92911812.41009134,112515.30263223546,176032.28719209033,1394237.4344980272,237400.86583965452,unstable
304,6532135539.482809,611137631.078899,2072233.6646076927,82533618.9379397,112012.62226397608,143387.54801472492,1671359.8840015053,253182.00080369497,unstable
305,6723622619.875984,596629026.9991558,2686850.3292785906,86016590.06396855,105479.4347691433,169037.0666046102,1679103.7679128668,225764.656667607,unstable
306,6569142128.012006,606388744.655409,2138279.74181642,80808244.82579184,115080.09654930678,207301.72223042956,1850870.3802516712,258110.70650380626,unstable
307,6671044393.63727,585463960.6664422,2545102.314376555,77956685.60483101,111181.75173998106,109443.0874279726,1309196.5062916765,217056.2063880503,unstable
308,6636314443.322836,619359868.9136535,2309987.7546269195,89348431.67546833,152185.7942411022,144590.5000258616,1712087.2353150083,214684.41347914486,unstable
309,6536560975.795543,597683843.0256444,2852952.798434794,84806818.81561749,130709.26456174915,165062.01927683502,2383154.765799288,236714.77369431485,unstable
310,6536251882.640483,653736286.2791977,2225287.0620518485,97832565.4691299,129463.58927309282,183010.94687734186,1816871.5780761074,191523.55295442697,unstable
311,6616417258.864513,578283238.8424633,2849241.922903471,83344445.39998977,93521.88988010236,106210.2487729483,1707351.640695237,306021.4583987377,unstable
312,6450439115.479182,564633885.3298886,1731334.4334462695,80764335.65774547,139589.97365870586,174707.49389506894,1224800.0447207207,201970.90329218004,unstable
313,6616750039.644213,625341891.0974128,2457436.8238877095,80650458.44723414,115434.95540215155,169808.86757474567,1598221.441306583,193699.50006779443,unstable
314,6499381860.302836,597534295.1993653,1509418.7472628045,87137453.72734602,91247.33036344314,183422.95504945208,1492188.3301135353,178498.75380804736,unstable
315,6480756982.055099,580232757.6614685,2300051.4150555893,84476281.30271138,126756.1222446484,158451.16530783454,2092222.3246558004,255948.05998376696,unstable
316,6542967138.407614,591405894.1983864,1683728.3262549895,77432946.29240999,106424.66400251664,199269.6044769169,1680792.466916759,220217.00186230172,unstable
317,6668458211.153542,627901394.9409012,3029699.7638505916,97225348.07552026,86169.64624794411,136152.28638087274,1673531.0587154299,234972.24061417868,unstable
318,6707917403.656431,645497658.7194132,2225467.8224955946,94592223.7421122,93132.25345831481,150433.5017067665,1419399.0120208105,222827.65137210907,unstable
319,6422890867.887716,607493765.5753096,1767146.1610602618,89343698.61583488,91953.63998421856,140577.1796738755,1442160.3640473718,216649.54551153988,unstable
320,6839069233.44961,645314205.7494483,2387746.5011049593,93805545.9148435,135315.64658902714,204268.67922875963,2482135.499723154,191351.4420899498,unstable
321,7143834540.259279,683760035.4086397,3173913.9790588906,101067553.564842,150935.0636344975,172439.59245673794,1024676.2479982318,221044.4986734928,unstable
322,7194996006.9834,719533410.805717,3076342.4616724784,115211754.68587944,100474.89919210313,182168.31515372286,1981529.167948568,250419.69017587168,unstable
323,6858251491.394157,638907557.8999716,2393386.675024175,89513473.42732237,119739.65148100036,145760.7752566196,1619421.9573094994,260633.50610360704,unstable
324,7116561569.607524,648626897.5210797,3565307.7210723176,98103952.16985798,105267.98187627147,171676.0947126045,2898904.149330412,376574.89671615016,unstable
325,7122127553.976993,709598232.5568973,3767935.250594563,92490643.69333045,140702.08475038197,135094.16146271705,1961412.5960317843,314523.74408089166,unstable
326,7018714020.6408205,645554533.6879249,2008871.3633104812,105275061.92665769,115763.47888546411,163892.96755695713,1393971.687868805,277715.45344584313,unstable
327,6833913478.981936,601668907.086724,2210623.328866164,84394400.52000429,112805.39922617665,207299.3545626696,1678229.9759050917,264032.475312828,unstable
328,6875070494.406066,685059110.8114357,2371161.212906488,107516324.02413347,153503.83394960355,212757.5649259206,1718428.5124660053,222030.94985801718,unstable
329,7237014714.36936,627792606.4147894,3064637.3584287614,96209278.42773096,143787.90976995844,182793.28408219668,2256019.5704741264,271197.82084848295,unstable
330,7069880942.913178,649047425.5942404,3217069.4000160284,105903784.34779519,100177.38267115892,242259.01168893024,1516656.755059973,215287.24907771483,unstable
331,7072648633.355628,665974211.3912339,2313465.1752634463,94309344.80957523,121513.05036337831,179227.6879558347,1793749.3827394643,267059.2760674567,unstable
332,6841478413.284428,646004599.3446556,2642495.682795358,86557766.6140925,102483.80182622182,127781.5696285176,1771298.7512404437,278141.671569535,unstable
333,6781816684.546081,648123295.9796963,2513152.400355234,110858068.54866982,130255.4723087108,190224.11972222308,1940358.6776160006,244913.17507796205,unstable
334,6924345041.022036,660183533.1434593,2621619.3245929317,100374028.69976407,132314.91361214608,197152.39670020394,1754542.1746254235,242823.84007871337,unstable
335,6686846017.635793,704718966.1191763,2156603.98634468,116597713.78296886,105726.09635643945,170258.39488695806,1696266.4111799847,213327.19545326862,unstable
336,6960070468.838231,639607635.3311243,2572234.6542832395,98474330.91201995,156942.97341001095,206133.0065721938,1758506.193325147,267671.50370307657,unstable
337,6884604135.944852,633661787.1334918,2735507.2417856753,87293953.99029328,127728.05904034247,146671.73314595252,1846610.5663669524,235678.52925545478,unstable
338,6975621769.045163,670882117.7674162,2573092.682485853,96629832.77721816,156502.949774406,197772.8073735286,1826749.6057383753,230405.3714660989,unstable
339,7080615342.078286,674612301.8745195,2310194.6167160547,105008054.91544245,106637.72286234247,197759.03664805077,1298003.7794345375,265193.13840784744,unstable
