,Mean,SD,RMS,Peak-to-Peak,Kurtosis,Skewness,Crest,Status
0,23.335318023255766,15.047893345496908,27.762475204060397,99.31706046511628,0.14375270135116835,-0.2204206380494495,2.4102289309004434,stable
1,23.490211409883727,17.02267122232807,29.004799392594343,140.82269767441858,2.2817862257415165,0.25125757665282367,3.4824525362892933,stable
2,21.615567151162768,13.863735182349819,25.675829063166574,80.04658604651164,-0.10734579920592591,0.18169963275340376,2.4329063812667804,stable
3,21.49686380813954,13.070224039218562,25.15510053866781,84.49361860465118,0.5413293362908016,-0.3826379923935869,2.1886283999235463,stable
4,20.52118023255814,16.47084656510635,26.30860494691375,99.31706046511627,0.12662763076979688,-0.11150109534183547,2.599767842281679,stable
5,19.028702834302347,13.547796304534591,23.354979667399697,85.97596279069768,0.22397344704555477,-0.18326898130454197,2.7381412216514907,stable
6,17.54780625000002,14.455918104967592,22.73092599730195,97.83471627906977,0.21984997351906488,-0.23364497736053655,2.552463362946154,stable
7,17.004955595930213,12.60188777758864,21.1617817032378,68.18783255813955,-0.15513630714384563,-0.1328530080900262,2.3914874273548423,stable
8,15.2330910610465,17.415952928645375,23.131499588776936,115.6228465116279,0.3343104058517232,0.05288398471737111,3.469512138486245,stable
9,13.38016082848838,14.893526821249264,20.01572448525302,80.04658604651164,-0.06451404301229413,-0.38250723126219394,2.38030087528084,stable
10,11.96295872093022,16.52326488080471,20.392744892818765,96.35237209302325,-0.05852056562036623,-0.17707681788598328,2.772432643327798,stable
11,10.364806395348824,14.273438802245877,17.63409512126692,84.49361860465116,0.07206792252723115,-0.12607929685322783,2.9539638247128273,stable
12,8.662426744186062,14.560707036147978,16.936492593925365,91.90533953488372,0.16344010876882376,-0.006340373639241291,3.1631592526441388,stable
13,6.291255087209314,15.094041185878654,16.345870413700894,118.58753488372093,1.2424085455845422,-0.2529593241603696,3.821570022954183,stable
14,4.575847020348843,11.862198559585108,12.708765353005044,72.63486511627907,-0.03953510404106453,0.022938713384001674,3.2823070226549103,stable
15,2.7142311773255803,16.764460474576538,16.97467895999304,123.03456744186047,1.3900393575506902,-0.2527834244877081,3.8546576873942175,stable
16,0.7194359738372108,13.583640853726562,13.596054436561896,75.5995534883721,-0.40013529173285134,0.055627029461692075,2.9590735877907353,stable
17,-1.971655668604648,12.298799027526638,12.449906357257667,63.7408,-0.5347706945675208,-0.06108092173010696,2.2789707230595555,stable
18,-3.516246729651159,14.182587466456779,14.605250661136385,84.49361860465118,0.18238835124766295,-0.23332101351940054,2.6531130683335964,stable
19,-6.022045348837215,15.670103700332332,16.780267671916242,99.31706046511628,0.30410537454855424,-0.1844958146297561,2.309223079927414,stable
20,-4.211095566860463,24.213971695287725,24.565772458837607,158.61082790697674,0.2454897720661191,-0.14726576748619444,2.3014750186521185,stable
21,-4.370331758720939,24.325850288199913,24.703621475465646,163.05786046511628,0.4971904666189779,0.17632369705568224,3.1887095783441137,stable
22,-4.625109665697678,33.643266800089016,33.94341908514528,223.83397209302328,0.0020588433972204,0.05993917159184622,3.4124811875671917,stable
23,-4.907392005813958,26.833733025944845,27.265886219451705,174.91661395348837,0.33562131208675083,-0.08122687392182157,3.160887368749913,stable
24,-4.277685247093028,42.03611388580317,42.232781600346534,290.53946046511635,0.7439054831384078,-0.3183312228183091,3.0585808428760033,stable
25,-5.334434520348826,89.8266036617013,89.94106521084665,760.4425674418605,4.2668714114410635,-0.03187797312327713,4.139119571055719,stable
26,-5.191121947674419,35.16481118992833,35.52891936325106,197.15177674418607,-0.20455536638682714,0.07484033585097283,2.4674755412223663,stable
27,-5.217178779069765,35.88578048509731,36.24569752062556,265.3396093023256,0.9098627368672023,-0.08040623214029585,3.7273873240125295,stable
28,-4.289266061046506,24.30088826139339,24.664838963310842,143.78738604651164,-0.17699610075946692,0.0007908898077003167,3.0134249800302833,stable
29,-4.895811191860464,29.567106355245727,29.95545060679215,188.25771162790699,0.18494801904241598,-0.053506468343029065,3.0750254203199074,stable
30,-3.6074456395348773,24.772143698085678,25.02146060829867,145.26973023255812,0.18705531715668933,-0.04556188009275282,2.378046626912954,stable
31,-3.1934315406976763,31.588488167135925,31.734147913673795,214.93990697674423,0.6468268993251547,0.010773277022372511,3.3697836867839976,stable
32,-2.550696366279067,27.47620794208092,27.58098632717359,185.29302325581395,0.9514349076426298,-0.045043188374007115,3.2860111249061466,stable
33,-2.1859007267441797,26.66675089430796,26.743210660183404,166.0225488372093,-0.05999378788375109,-0.1596073126354087,2.890091665307478,stable
34,-2.1352346656976713,23.380446656259878,23.46637338058124,152.6814511627907,0.06034176781832867,-0.18518900814535857,2.5988056695847215,stable
35,-2.6404476744185996,33.52412506344163,33.61162594789569,211.97521860465116,-0.010634173081697451,-0.07674522705263571,2.9610436929632313,stable
36,-2.837321511627905,23.74406967395139,23.90147842311581,155.64613953488373,0.3594877883957852,0.009188373281475887,2.7375535348016493,stable
37,-3.9128896075581356,26.259745592370326,26.536984216647305,157.12848372093023,0.7225217277293425,-0.11663382722661329,2.5773940459056535,stable
38,-3.3845149709302302,26.94080150334711,27.13950868276901,170.46958139534883,-0.04710703411261852,0.0619297650678719,3.44870341512462,stable
39,-2.992214898255816,26.558543313033276,26.713680923286724,201.5988093023256,1.0722352141739178,-0.02763698972910774,3.4481871801023973,stable
40,4.365944767441871,242.97899881386556,242.89956827085442,1048.0173395348838,-1.0479749020299873,-0.30435750340052936,1.8682855499452298,stable
41,12.012177180232566,231.67765663222292,231.8758556719004,1027.2645209302327,-1.0353110854939045,-0.3834693887337723,1.925142362341416,stable
42,6.638679505813954,245.9418027134165,245.91131061812885,1113.2404837209303,-0.9002706137815553,-0.35701759406452344,2.152830244554501,stable
43,6.469310101744192,242.8897195487476,242.8572731561865,1181.4283162790698,-0.8261384022889069,-0.336094721411051,2.2897708398790684,stable
44,11.780560901162799,240.79652454934984,240.9670596984736,1070.2525023255814,-1.0695606905541326,-0.3416099099588157,2.19700280876232,stable
45,10.030410392441855,239.0904964006883,239.1841343479353,1010.958734883721,-1.0415744674762812,-0.37871827384595125,1.8539245731951466,stable
46,9.51072136627907,229.69776604431328,229.78249078282803,959.076688372093,-1.162476609899708,-0.35930815593330334,1.891072194358165,stable
47,8.009558357558143,228.3985345168233,228.42745093794312,953.1473116279071,-1.0133972346415447,-0.3266897349840353,1.8114392940344486,stable
48,10.945294694767442,235.7294195409417,235.8683801132469,966.4884093023256,-1.0091864889780766,-0.3591807591742085,1.8548478911493125,stable
49,6.753040043604661,225.62387281367177,225.61476572634922,1104.3464186046513,-0.9389673360219049,-0.32716731656173664,2.0902616112144536,stable
50,9.422417659883731,236.34703861665324,236.41944486800085,1135.475646511628,-0.8139903292921584,-0.33606787508265995,2.170293231238697,stable
51,12.291564316860493,230.6954967235235,230.91020268292914,1165.1225302325581,-0.9383656628827892,-0.35656853358120943,2.3183673891448486,stable
52,9.14303052325582,225.15620611711293,225.23189164624037,1034.676241860465,-0.9524415116973146,-0.34142272324901624,2.1793732430685666,stable
53,8.695721584302323,231.180607635414,231.2312631372505,987.2412279069767,-1.038798943354237,-0.384036386799276,1.9112770219902158,stable
54,9.544016206395339,242.74798395402001,242.8170637891439,1132.510958139535,-0.6852443280135345,-0.2900635778038899,2.0093302429153885,stable
55,10.858438590116288,250.34908517026065,250.46230136929623,1107.3111069767442,-1.04195402035278,-0.40358165354611486,2.184733727262565,stable
56,9.422417659883703,233.141444178896,233.21799664504186,916.0887069767441,-1.0691989383208862,-0.433830893941305,1.7233820406598919,stable
57,9.338456758720927,246.43524142823242,246.4918417134236,1086.558288372093,-1.0798449301293034,-0.3118743900619758,2.039512172627535,stable
58,11.564868241279072,246.71077758607052,246.8613260487137,1197.7341023255815,-0.8293206191552982,-0.3711102591317271,2.0364595770205964,stable
59,7.424727252906992,231.63965349724293,231.6455402167408,956.1120000000001,-1.0542509377908686,-0.46762972344451387,1.6518912136193398,stable
60,9.600472674418613,283.1021394758558,283.1266890830489,1388.9565023255814,-0.8285821185442326,-0.49219961006575086,2.1682834902269557,stable
61,3.8028276889534864,286.0720403774345,285.95760985068665,1300.0158511627908,-0.9832788976172395,-0.3972925384987929,2.0379583462692707,stable
62,7.696876380813952,286.87500259893943,286.8381784164111,1374.1330604651164,-0.9634205441648529,-0.43077716508780833,1.9386802182179999,stable
63,5.735376017441866,306.9655456705957,306.86922521788523,1664.6725209302326,-0.4887039391703718,-0.45733515736413144,2.353152391381291,stable
64,6.477995712209301,258.952569108357,258.90715068990954,1227.3809860465117,-0.5571733155748735,-0.39788758872640023,2.10774824708047,stable
65,6.016210755813944,285.26579001317833,285.18993046061615,1403.7799441860466,-0.8529619579874455,-0.3977650187622731,2.188980984971808,stable
66,10.321378343023264,265.0773560117223,265.1488570140921,1224.4162976744187,-0.9751058176358707,-0.38748316033626967,2.2538024348455816,stable
67,3.9403498546511617,282.7123433988175,282.60173826402814,1325.2157023255813,-0.97387730928049,-0.38576027689958525,2.140839133480044,stable
68,7.882169404069773,287.88869011097864,287.8560214552453,1273.3336558139536,-0.9728236832146648,-0.4439952194033638,1.9627227687842606,stable
69,3.8144085029069807,284.6830133190414,284.5695395595119,1488.2735627906977,-0.4906902601625984,-0.3657772528288117,2.454206958577139,stable
70,7.4638125000000075,290.9006422290546,290.8543489764751,1424.5327627906977,-0.6582517628806652,-0.4325380277445465,2.2482806975581506,stable
71,10.318483139534893,291.5294813100445,291.5697379164988,1387.4741581395351,-0.7634338121924116,-0.3834438795649051,2.329192578833172,stable
72,4.193680159883719,277.90256848609914,277.7984966863596,1362.2743069767444,-0.8101571615098133,-0.40255480006056105,2.225879425249952,stable
73,7.271281468023264,282.6608746864372,282.6163778561573,1205.1458232558139,-1.040092518123729,-0.45726254154036994,1.967640752258923,stable
74,6.450491279069784,288.8802354356789,288.8111898352059,1175.498939534884,-1.0313512925887323,-0.44351544338238946,1.7919892708578276,stable
75,12.989308357558143,276.39950756145413,276.5697087018238,1194.7694139534883,-0.961906356991141,-0.5168333317991459,1.8337877512567307,stable
76,6.828315334302326,280.01147598385023,279.95800363072624,1426.0151069767442,-0.769371168215859,-0.3396585580123969,2.3357868327536577,stable
77,8.632027107558148,285.2374348636155,285.2287724433729,1380.0624372093025,-0.6834371944626056,-0.4872723266293843,2.173091785291883,stable
78,8.967870712209328,298.3976398916291,298.38669532755716,1627.6139162790698,-0.2532404566865929,-0.4503206458090028,2.5492121864380963,stable
79,12.720054433139547,275.8880487934588,276.0465268089816,1248.1338046511628,-0.9304540697659625,-0.35721762186236977,2.111128527538704,stable
80,-3.461237863372089,309.1265639117562,308.9949726458869,1433.4268279069768,-0.8428068021892661,-0.34944275615716586,2.2698014357725684,stable
81,1.6661675145348784,295.51585474410973,295.3762239702128,1454.179646511628,-0.6844074785710812,-0.41924212089732493,2.2088435746419455,stable
82,-1.204426744186045,319.69926422215167,319.5453927996869,2137.54031627907,0.1930057068284099,-0.3684066841348601,3.298921444622506,stable
83,-0.36916053779070085,343.6390523546856,343.4714172492353,1824.765693023256,-0.11281191676739777,-0.2924008577727123,2.5253332237714172,stable
84,-1.5388227470930282,309.2482933322168,309.1010867518313,1620.2021953488374,-0.5561994442766185,-0.36853047829565644,2.412892060578031,stable
85,-5.473404287790695,348.23150573062054,348.1044623514941,2310.974586046512,0.3498225727920694,-0.3257371421937832,3.1134390672182306,stable
86,-1.9325704215116262,309.15245069170544,309.0075037988366,1786.2247441860466,-0.030748055216196946,-0.3741999673151485,2.735029435255524,stable
87,-4.782898255813953,352.0835215701423,351.94406494365927,1935.9415069767442,0.020709120936579062,-0.3260521197930416,2.641437460688882,stable
88,-3.280287645348841,302.248168071355,302.1183585000197,1605.3787534883722,-0.5362936374195937,-0.3886284993961668,2.4294081574361357,stable
89,-4.943582049418604,292.42898279336714,292.32796397553255,1426.0151069767442,-0.8480403967900383,-0.37854206348515634,2.2420180193419816,stable
90,-0.3952173691860478,281.1843037339621,281.04725105810064,1310.3922604651164,-0.8776494703808355,-0.4635177889166319,2.1157597127319483,stable
91,-6.449087863372085,343.0572075212935,342.9503002437071,1885.5418046511627,-0.07700037435919738,-0.25994327700137493,2.7150306640165547,stable
92,-2.817055087209298,296.4185820519424,296.28720343814257,1584.6259348837211,-0.5084001876241966,-0.3308601918989898,2.852450624925813,stable
93,-5.550127180232563,308.166493189359,308.0659842115232,1583.1435906976744,-0.49986870323043453,-0.3495779711427175,2.623093932365617,stable
94,-2.1395774709302398,345.95125321822286,345.78890985484725,1924.082753488372,-0.06982185660308282,-0.342393911746322,2.414097692296547,stable
95,-5.927951235465115,310.38852305137414,310.29355907855205,1802.5305302325582,-0.18480676528553275,-0.3626553446951292,2.9673325312560976,stable
96,-9.62078328488373,341.41686653217164,341.3857096456585,1796.6011534883723,-0.15827547927752494,-0.3220238374483392,2.627604611942745,stable
97,-4.199514752906981,291.03220473097264,290.92037659949955,1523.849823255814,-0.35961613678754567,-0.4428549687359704,2.2528657856543735,stable
98,-11.635844912790702,278.1434899336493,278.25104365015045,1439.356204651163,-0.8385569765332499,-0.35850734539962736,2.435353760733429,stable
99,-11.615578488372092,284.0359786984614,284.13478012312004,1280.7453767441862,-0.7853263498364766,-0.3970579520385672,2.0666837406462806,stable
100,-8.540872383720922,206.44723111719722,206.52308392722094,1212.5575441860465,0.2933707338989855,-0.3349894585266833,2.685439068569103,stable
101,-12.586919258720917,217.48366440902896,217.7415537985667,1578.6965581395348,1.5555524294660232,-0.41295041815767863,3.2142458624114956,stable
102,-7.321991715116281,204.77476355749755,204.80567728132027,939.8062139534884,-0.8661293801594585,-0.39439268498908003,1.976939314981411,stable
103,-6.431716642441872,200.19949570938974,200.20505636568072,1080.628911627907,0.3419450620705393,-0.3425710291669325,2.3185336635197396,stable
104,-8.202133575581412,223.13918927018355,223.18097738027024,1366.7213395348838,0.18408332873149869,-0.2990176345528406,2.651049250414306,stable
105,-10.894672819767447,181.29969962598793,181.53835897695402,907.1946418604651,-0.5370475805012607,-0.37040527260162026,1.9200312167816764,stable
106,-4.02290734011628,218.44108799942805,218.37146003219516,1469.003088372093,0.6302218323453235,-0.3507673042782445,2.811259884835163,stable
107,-6.524363154069759,193.2347133484548,193.25050388325997,1184.3930046511628,-0.13303844367264528,-0.3793765899332002,2.685782894454738,stable
108,-6.02204534883722,196.3263576970516,196.3228542323976,1298.5335069767443,1.6549413887782904,-0.44600631420058073,3.0288294935794795,stable
109,-4.072125799418597,215.68907756868714,215.62219033984215,1314.839293023256,-0.08195252532800534,-0.3788876842975176,2.6821110768088605,stable
110,-5.787533866279077,193.24318188707812,193.23549154233925,1076.1818790697675,-0.3176114635192371,-0.20478344328513096,2.7243474498539744,stable
111,-3.986717296511628,236.2429622792869,236.1612340504305,1606.8610976744185,0.636160950880551,-0.35517275644282514,3.0576993470850065,stable
112,0.295288662790696,222.7943278585336,222.68571077488681,1495.6852837209303,0.7011552587567382,-0.3795635947149208,2.889928622105828,stable
113,-3.902756395348834,182.90083697719376,182.85316241812072,1202.181134883721,0.2110262836753516,-0.4258708983968166,3.2438383844870464,stable
114,-0.8497643168604654,220.06397188873672,219.9581339844552,1305.9452279069767,0.17027669481324859,-0.30963987969895357,2.723588679667867,stable
115,0.9640806686046568,222.26859292849468,222.16212867415555,1184.393004651163,-0.5087392830485351,-0.48106115742002636,2.189470043721187,stable
116,0.5529617732558147,181.08920664567515,181.0016072373552,1136.9579906976744,1.2857218189533288,-0.3940783230781094,2.621847282663707,stable
117,4.032996366279076,203.24686838342785,203.18763117947435,1067.2878139534885,-0.182191064342057,-0.40101606773830156,2.299090985268502,stable
118,4.390553997093021,191.06655761902505,191.02370427458794,1171.0519069767442,0.34009128622898865,-0.46136367323426225,3.112851640171521,stable
119,4.4267440406976695,228.42777684208312,228.35912286952575,1388.9565023255814,0.3632925360488781,-0.3496685960914678,2.7207612233938088,stable
120,-5.396681395348853,622.2867674441477,622.0062541823633,3605.0610604651165,0.06933715019130426,-0.06274049928668497,2.914947172800362,transition
121,-0.32428488372092845,511.1709425165567,510.92138927647915,3061.0407441860466,-0.18122835402978987,-0.11959145473238221,3.099012991994746,transition
122,-3.9838220930232544,592.8099547371843,592.5338185480683,3012.1233860465118,-0.09123877743615028,-0.12150289973553631,2.4995539968466045,transition
123,-4.856725944767442,485.02194735010545,484.8093898571765,2708.2428279069773,0.48112565946882935,-0.14865979407417287,2.7705986996497445,transition
124,-10.20850959302326,617.8203323177154,617.6029637801429,2801.6305116279073,-0.6326718961583957,-0.07333827768920086,2.282886961647226,transition
125,1.0929172238372056,565.9229808441919,565.6476396095547,3505.744,1.0176544071984202,-0.11331004210557116,3.0926931354306553,transition
126,-7.481227906976752,618.4287562632073,618.171986575154,2992.852911627907,-0.3167667359656967,-0.07339074690074744,2.479815252423873,transition
127,-7.252506831395352,393.6427516547797,393.5173336951834,2216.104558139535,0.2190596207529394,-0.1693106664808431,2.705170692592962,transition
128,-7.314753706395351,318.6611338859355,318.5894833669611,1875.1653953488371,-0.10229677139170867,-0.2026198192964685,2.871453212079589,transition
129,-10.343136555232567,280.47649864733205,280.5302540909622,1495.6852837209303,-0.04401430100879011,-0.2877111834406699,2.193636018908334,transition
130,-9.688820566860453,348.61452045266606,348.57893430149255,1789.1894325581397,-0.5478895126177203,-0.230061709061328,2.3905227284777752,transition
131,-12.951714898255817,599.3504398599493,599.197709416825,3464.2383627906984,-0.012249763495278287,-0.12499975235000205,2.7958340568777516,transition
132,-1.1277038517441953,735.520552250209,735.1621885543948,4070.517134883721,-0.33397463238942526,-0.06716807372663172,2.8231733423402123,transition
133,-14.410897456395382,748.7340498471252,748.5071060543295,3753.2954790697677,-0.5224948623422789,-0.07472626775100107,2.4005244192245416,transition
134,-15.042051816860461,787.7110019851561,787.4699613640921,4067.5524465116277,-0.4853842152468175,-0.05594965429299897,2.4831682602422296,transition
135,-3.3396393168604654,812.062757678078,811.6730163310161,4581.925879069768,-0.03842944071874266,-0.010071637625487276,2.88578306705269,transition
136,-14.965328924418596,741.8052469595694,741.5939640618924,3302.6628465116282,-0.6823588481391356,-0.046094692113379236,2.4308975667987553,transition
137,-9.6859253633721,802.8741405241119,802.5404686125393,4064.587758139535,-0.39484362701505304,-0.008653248055608923,2.6230916185243873,transition
138,-9.54695559593024,766.2052502687036,765.8905397505849,3665.8371720930236,-0.4547687838955108,-0.024447225900491303,2.6344219768330164,transition
139,-3.0689377906976705,868.0497257735165,867.631197494938,3882.259423255814,-1.0486235018808217,-0.04853837201109175,2.2127421870391806,transition
140,0.9047289970930266,743.4784591361358,743.1158946170104,4243.951404651163,0.32693732643866813,0.06904884682052558,3.0702292218626095,transition
141,-5.306930087209312,839.5813245638249,839.1880529902128,4195.034046511628,-0.4505602351500566,0.03902813098943706,2.6410206661075084,transition
142,-2.669399709302324,842.6623168210527,842.254990249206,4586.372911627907,-0.30316143444128185,0.012980522726913225,2.810920831675833,transition
143,0.0665675872093105,802.7975478198548,802.4054638432502,4029.011497674419,-0.45173969847137085,-0.025076797257263903,2.6549383371635886,transition
144,-9.002657340116304,822.1375114913127,821.7852926374343,4283.974697674419,-0.29662510589191404,0.04134770784835825,2.713183246704563,transition
145,-1.673449709302323,825.2257002103089,824.8243571470946,4356.609562790698,-0.4006246386939418,-0.0018966511101756785,2.573790757488692,transition
146,-13.012514171511627,805.0000605035438,804.7121136944459,4039.387906976744,-0.13615212672001276,0.0739604660026796,2.7062747096750908,transition
147,-4.6309000726744225,836.5483415977783,836.1525948101998,4371.433004651163,-0.33357583418911174,0.02240490798633262,2.7569772026883923,transition
148,-8.771041061046526,842.5060478407548,842.1402446693321,4364.021283720931,-0.25253802506136447,0.023017287695378065,2.5807162441876716,transition
149,-7.864842369186041,733.525760788027,733.2096891242195,4899.147534883721,0.847191646014342,0.11828394196114449,3.554466819363557,transition
150,-12.132372311046499,795.3343841622878,795.0385184729487,4255.810158139535,-0.17912871588221613,0.039465223917141384,2.741067678371436,transition
151,-14.060577834302322,825.8539436624851,825.570340167803,3885.2241116279074,-0.5399271700655559,0.038083662326532326,2.4260263849836012,transition
152,-7.730215406976745,715.7242334453571,715.4164378277936,4163.904818604651,0.33374465498290995,0.028039212193666688,3.0295580559191024,transition
153,-18.34837420058141,823.9759073411202,823.7778432247266,4281.010009302327,-0.06966826151400607,0.049425735901196116,2.6652333394867416,transition
154,-16.813916351744158,822.0472604693496,821.8177916634615,4399.597544186046,-0.18190826910509195,0.061282527474247686,2.848356321889126,transition
155,-15.878765625000026,849.7973843675517,849.5307525940264,4447.0325581395355,-0.3917451512352539,0.05622534132366204,2.8461733640800544,transition
156,-8.3584745639535,742.5071711508591,742.1915978358296,3914.870995348837,-0.059766548265106856,0.060019906429256045,2.868335736928978,transition
157,-29.56439251453492,793.97718753286,794.1399138991386,4235.057339534884,-0.05687629756254298,0.0125819042225583,2.785234590816018,transition
158,-13.3150629360465,799.8424069460959,799.5626386126405,4060.1407255813956,-0.15547587073347335,0.028034972536683078,2.569826771775978,transition
159,-16.392664244186047,797.7801120489826,797.5589573093819,4011.2233674418603,-0.4522039456960161,-0.0035900579901107206,2.6227478983203705,transition
160,-33.14431162790697,1101.676762608097,1101.637412615259,5243.051386046513,-0.7081281238526635,0.13238711430588337,2.607928372998763,transition
161,-11.989059738372102,1067.4491100662012,1066.9951257316698,5326.062660465117,-0.5299992415899637,0.12323931694933515,2.6231368713092142,transition
162,-7.792462281976758,1136.0589994906995,1135.530885482075,4802.795162790697,-1.0218511173602538,0.054542807357437294,2.2598647482100205,transition
163,-15.634120930232559,1094.1581846658817,1093.7355419075361,5137.804948837209,-0.726116348240379,0.087611433937921,2.4397378207057003,transition
164,-10.0984918604651,1087.9924089901608,1087.5079207476654,4780.56,-0.9466308491981175,0.07593185114483948,2.3896449314235984,transition
165,-26.149500000000014,1142.8353557643093,1142.5764679716378,5441.685506976744,-0.7604313207087445,0.12828617486416577,2.664979960687637,transition
166,-7.659282921511633,1075.9198247101588,1075.4216204267589,4986.605841860465,-0.9512732511392228,0.10826301062830511,2.535042386088372,transition
167,-17.47402274709302,1075.3943035303462,1075.0111075994528,4912.48863255814,-0.8916419119413153,0.11493071455028224,2.4670649099781445,transition
168,-1.592384011627917,1017.9115411052088,1017.4156387235713,4589.3376,-0.6788876026646791,0.09929909545912359,2.5105643828326003,transition
169,-9.88135159883722,1116.0197390330682,1115.5184401750405,5281.5923348837205,-0.9628203811523548,0.08147029151676577,2.705702646094519,transition
170,-17.870665625000004,1071.1477743371793,1070.7737617235439,4810.206883720931,-0.8338184848498553,0.10387599450147433,2.5363555575211603,transition
171,2.6100038517441764,1130.6549966871323,1130.1057981358701,5300.862809302325,-0.7690247129801837,0.07642456775291477,2.5146868920564827,transition
172,0.9264430232558192,1062.7463412683762,1062.2276994132296,4795.383441860466,-0.8281997177392095,0.08414359645287066,2.4534942113329796,transition
173,-11.045223401162774,1147.2072121196468,1146.7001115547198,5051.828986046512,-0.8657274981277201,0.10152924260788682,2.3464401050633032,transition
174,-6.892053997093023,1113.4114033153303,1112.8889538511764,5253.427795348838,-0.6423426909293384,0.13406580268826634,2.6161931106226435,transition
175,-2.9198348110465093,1062.7902561214544,1062.2752016364918,5459.473637209303,-0.22241038084606224,0.18233179459487414,2.8385266852991755,transition
176,3.5162025436046487,1052.9153565899178,1052.4069862026845,4927.312074418605,-0.7400839374296804,0.10492414206544935,2.5073770112855596,transition
177,0.20843255813952566,1163.8720065657435,1163.3035895481346,5082.958213953489,-0.9977507716046876,0.09528505882204383,2.2963847785010363,transition
178,1.6994623546511467,1095.2467531856935,1094.7131532511057,5317.168595348838,-0.6249528086372518,0.12386741253362919,2.747646520107685,transition
179,2.1395332848837074,1038.7764479589994,1038.2713134412816,4934.7237953488375,-0.5898597660044707,0.12837210122340847,2.6029052798960617,transition
180,-9.103989462209292,1310.8411472046275,1310.2325610660484,5434.273786046512,-1.067624999242582,0.08230847690365864,2.2323315711587366,transition
181,-2.266966424418609,1259.488387313718,1258.8752936971603,5901.212204651163,-0.9298289277581242,0.0916345105691306,2.441153580198736,transition
182,-18.572752470930233,1329.0780818825651,1328.5587858522038,5297.898120930233,-1.187979247151775,0.08453739838087823,2.105583841240055,transition
183,-4.600500436046507,1364.7573018416317,1364.0985114169034,5305.309841860466,-1.3812534394515155,0.0458584673044127,2.1615675069844618,transition
184,2.3031122819767362,1320.297160156431,1319.6543360823919,5447.614883720931,-1.192395556447276,0.06784806902334747,2.141133760489822,transition
185,-9.700401380813954,1292.1350797462424,1291.5404293283507,5586.955237209302,-1.0504427968297154,0.09193984450686765,2.3277648717693697,transition
186,1.1710877180232357,1383.4695967546281,1382.7944053844003,5532.108502325582,-1.337417089017049,0.08025217995221183,2.2470454280207064,transition
187,-23.27166773255814,1308.5130230265675,1308.0809705265353,5844.883125581395,-1.0340890157294695,0.1302741106202903,2.344792579815419,transition
188,-0.06371656976742757,1288.9430158080265,1288.3134969476616,5598.813990697675,-0.9747026224881159,0.0903912966396576,2.3531557343813314,transition
189,11.467878924418613,1357.6873980366172,1357.072758057079,5503.943962790698,-1.263847760533423,0.05321404958710859,2.1476351102193423,transition
190,-4.738022601744181,1278.1073030623108,1277.491861126085,5511.355683720931,-0.9335876619816572,0.0795872634838982,2.267497007409213,transition
191,8.455419694767441,1299.0003471149366,1298.3934467283818,5960.505972093024,-1.0367291501101328,0.11030510661974871,2.497005184068903,transition
192,-5.247578415697671,1334.4217417771129,1333.7803324917197,5561.755386046512,-1.2072450047425478,0.08310226728648616,2.32962038112143,transition
193,4.0402343750000345,1325.6158887130719,1324.974617168282,5300.862809302325,-1.2912169535382858,0.06569902929307156,2.1381301463326174,transition
194,5.195420566860451,1288.5465743059833,1287.9277265370222,5339.403758139535,-1.119443482890443,0.09860543602037529,2.27674672432316,transition
195,27.6650948401163,1345.1099356168538,1344.7375883731422,5400.179869767442,-1.312715129928625,0.041783497317336014,2.2930007803717825,transition
196,12.78230130813956,1319.855295027384,1319.2726016959546,5429.826753488373,-1.19417597323993,0.07192967537230259,2.2529904143847346,transition
197,2.892286191860464,1329.8851914376207,1329.2388214833888,5391.285804651163,-1.1866609863561535,0.10324653451953089,2.316391349103568,transition
198,25.75136533430231,1283.557588160128,1283.1891164632848,5412.038623255814,-1.0340105791493586,0.11676925516555324,2.431865189744487,transition
199,10.505223764534895,1379.1746429038305,1378.541081600509,5499.496930232558,-1.314709877159705,0.09379132421431026,2.251827819694328,transition
200,-44.370463154069704,1633.3562233860584,1633.1613409936558,5818.200930232559,-1.4138557999177372,0.13506545892757077,1.9297984179416519,transition
201,-80.4215369912791,1633.26744004665,1634.4494830965784,6498.5969116279075,-1.3258317028763262,0.17995498847082209,2.1522911674099423,transition
202,-42.036929142441835,1647.3855327510541,1647.1174591925544,6087.987572093023,-1.3599943078590477,0.13971343447843296,2.017842795075293,transition
203,-69.7469217296512,1618.618985504111,1619.3311985056662,5959.023627906977,-1.3875950275095585,0.1626658156548732,2.071690663822937,transition
204,-57.88382543604654,1643.7105603883724,1643.927152353491,6500.079255813954,-1.3019746848498528,0.15854433265814766,2.1335706826928718,transition
205,-61.958824345930104,1656.2781524840045,1656.6282781858934,6339.986083720931,-1.4198697350633804,0.13769997750189866,1.9767299536386536,transition
206,-71.57813793604652,1607.2632381758244,1608.072074716907,6206.575106976745,-1.3320030520348969,0.1455459385959194,2.081586800293417,transition
207,-58.78712892441863,1651.2510818777794,1651.4912464763804,6242.15136744186,-1.393866058654615,0.15381341842151552,2.03763098476214,transition
208,-61.2017286337209,1628.6396900405034,1628.994349752001,6375.562344186046,-1.3300259364329827,0.1443035178459669,2.0812408505668896,transition
209,-62.27150632267444,1615.3900850610644,1615.801516924041,6500.079255813955,-1.2940582459801275,0.12444484002665701,2.1220864685231713,transition
210,-74.5008458575581,1613.4637269222167,1614.3956525453132,6022.764427906977,-1.3627896479131942,0.11855715297081623,2.023850233648312,transition
211,-71.79383059593023,1628.284926454328,1629.0724306023494,6344.4331162790695,-1.2715107413036164,0.14368832328414716,2.0201756924733814,transition
212,-54.37194360465117,1622.5462338318562,1622.6649795241015,6943.30016744186,-1.3260728785529057,0.12405395183359526,2.1871060623951646,transition
213,-81.8850623546511,1625.0271456165333,1626.296272491467,6179.892911627907,-1.3237530640248862,0.16965726280412124,2.1238875378807305,transition
214,-72.64212521802327,1611.753334340182,1612.6031207460444,6497.114567441861,-1.273128427143319,0.13834973477368961,2.1575489917194726,transition
215,-54.22428822674414,1626.5342703878378,1626.6439066430344,6594.949283720931,-1.223335996273422,0.1525650787795521,2.246457774955843,transition
216,-91.69256417151149,1645.2178367871634,1646.9687168661726,5942.717841860465,-1.4176109454296832,0.15754634133620454,1.9793231433547056,transition
217,-68.27760595930229,1597.6947800784735,1598.3734358366642,6380.009376744187,-1.2776785167751943,0.13650150808117226,2.2166353355057624,transition
218,-60.8716754360465,1632.7048735391704,1633.0423502405993,6359.256558139534,-1.261975043172492,0.14297661420431934,2.138714488555148,transition
219,-84.69051453488376,1639.2227696333237,1640.6095508111055,6470.432372093024,-1.294019708583526,0.15595123297430705,2.040303619466473,transition
220,-12.388597819767401,1830.2967726761776,1829.4448016958715,6019.799739534884,-1.4582972985307168,0.18872965078398807,1.866975944856686,unstable
221,-44.0244863372093,1807.1035210710784,1806.757373354575,6415.585637209302,-1.43098973223562,0.2067580625480265,2.0208702156900773,unstable
222,-48.019867151162764,1817.7377666237544,1817.484461215963,5924.929711627907,-1.4437033724623347,0.20783225424599383,1.8743683617596714,unstable
223,-27.94597376453488,1818.1489863260877,1817.475866341131,6522.314418604652,-1.4215950212711752,0.1854517674320482,1.9469661579467668,unstable
224,-32.77083037790694,1803.887364001859,1803.3041356237566,6282.174660465116,-1.408116721772905,0.21227750124050204,1.8858194400871515,unstable
225,-50.6371311046512,1802.8554139910405,1802.6862327582708,6433.373767441861,-1.4323997428455335,0.20220098967743885,2.041880045247569,unstable
226,-19.146002761627898,1839.6495323889417,1838.850722819454,6243.633711627906,-1.4418937790186444,0.1941286117074747,1.9323958178961511,unstable
227,-55.360655595930254,1794.3914187276052,1794.3692457910897,6080.57585116279,-1.4234886196253478,0.2178439191442007,1.917514634428081,unstable
228,-22.14832877906978,1806.466699737747,1805.7202573764666,5945.682530232559,-1.45280776745559,0.1813402879837467,1.840608523993255,unstable
229,-38.238422165697656,1816.8285015883278,1816.3437117879168,6514.902697674419,-1.4298063909013266,0.1904682669427251,1.9326735586079242,unstable
230,-49.84529295058136,1825.2431458760084,1825.0325105543484,6572.714120930233,-1.398268642146563,0.22151620115577647,2.0388087982085716,unstable
231,-15.244716061046507,1817.4473321225532,1816.6236562247482,6322.197953488371,-1.4284109093437583,0.18837490352209715,2.0466141340960373,unstable
232,-48.293463880813924,1821.84763525517,1821.5981247283314,6371.115311627907,-1.465114965402472,0.18984961103645107,1.831075035642253,unstable
233,-44.28505465116284,1824.5798767326178,1824.2263638331276,6265.868874418606,-1.4592372400634837,0.20484950406978927,1.8755670248971739,unstable
234,-22.68973183139536,1840.339733674859,1839.5808458022238,6673.513525581395,-1.4196612049210902,0.1768994600094995,1.9324346623904038,unstable
235,-20.51398640988372,1810.634534927603,1809.866482017764,6150.246027906976,-1.458175820417195,0.18441613023531936,1.8798007330031823,unstable
236,-51.142344113372104,1787.564240047263,1787.4229934747368,6339.986083720931,-1.4451525313676856,0.2071639833941003,2.1024407529191613,unstable
237,-27.26415334302326,1836.1818792886954,1835.4875878143685,6381.491720930233,-1.4399591986953806,0.18284736170630475,1.881827155344315,unstable
238,-21.326090988372076,1798.222184756485,1797.4704482834754,6703.160409302326,-1.438561147405436,0.16752810073823393,2.0230645373907943,unstable
239,-12.006430959302357,1827.6323238700184,1826.7791636102509,6394.832818604651,-1.4361394237517653,0.2000104857008832,1.9451653036643426,unstable
240,-86.12074505813953,1973.3072362064304,1974.222772130405,6792.1010604651165,-1.4146832161020526,0.23809274069947575,1.8824852794937055,unstable
241,-39.35886591569772,2004.1623880456132,2003.5701813850071,6710.572130232558,-1.4235844405527667,0.22168224626297595,1.8549114682909076,unstable
242,-71.78804018895349,2017.0518973422852,2017.344476374807,7144.898976744186,-1.3998434332298202,0.2471284431197948,2.0751777710648645,unstable
243,-40.34033989825577,2025.0655768588713,2024.4784902869424,6744.666046511627,-1.4292769903951252,0.22020596055375766,1.8862769222471218,unstable
244,-66.19016424418614,2010.9154551483732,2011.0228991102852,6537.137860465116,-1.3918213184311352,0.2544116013303994,1.8502486178457127,unstable
245,-68.05322768895348,2027.0039973584524,2027.1566295223643,6892.9004651162795,-1.407277262860373,0.24740218555951704,1.8552664247973187,unstable
246,-30.489410029069774,1997.7362608459462,1996.9933299210893,6894.382809302326,-1.409320147864287,0.21059829634577526,1.914465126692819,unstable
247,-68.70320087209299,2012.8070028789582,2012.9967022125315,7093.016930232559,-1.406047037370658,0.22624243582036688,1.8874628941116882,unstable
248,-34.39503953488372,2007.4115210096973,2006.7258852493837,6433.373767441861,-1.4146317948435738,0.22226870631086637,1.8069345386339535,unstable
249,-60.996169186046515,2016.614650907773,2016.55244473194,6857.324204651164,-1.425319025271922,0.247025313130784,1.9017768924776244,unstable
250,-30.729711918604668,2006.51096918449,2005.7664020966567,6907.723906976744,-1.4098227719997014,0.22096015154219434,1.9482167529040284,unstable
251,-75.76894498546496,2001.5726078853288,2002.0293310155068,6583.090530232559,-1.3991393496633175,0.2542716255681666,1.861522035937746,unstable
252,-21.96303575581397,1984.5463123164866,1983.6986473294994,7107.840372093024,-1.3958127173444859,0.2121496086799699,2.0311653363562994,unstable
253,-65.37950726744187,2002.7631337261482,2002.8523657114697,6929.959069767441,-1.3811790579938272,0.2629043783440943,1.888881507252261,unstable
254,-32.41327274709307,2002.9108116218406,2002.194973255526,6855.841860465116,-1.443320349338651,0.20789445348278895,1.9294811109798529,unstable
255,-56.12933212209308,1983.4307359243498,1983.2564614077792,6916.617972093023,-1.4019791278750464,0.23635253386969343,1.9815404342501777,unstable
256,-55.90929665697677,2013.1439133510682,2012.9372824780864,6771.348241860465,-1.3752488537014314,0.2697786281092694,1.9007739635255319,unstable
257,-30.586399345930197,2006.7806331644022,2006.0337125085814,6805.4421581395345,-1.4506156407497395,0.19221106979536504,1.8245536977192347,unstable
258,-45.773189244186064,1989.9616767867508,1989.516404488134,7087.087553488373,-1.41977196417557,0.21893450690051047,2.0699304474721716,unstable
259,-53.21386220930232,1992.0703693224996,1991.8084082507605,6500.079255813954,-1.4340625751245848,0.23504412906517885,1.8465151281139194,unstable
260,-58.90148946220934,1998.1230533728867,1998.0155655708647,6594.94928372093,-1.4504478482120995,0.20547030902402172,1.8274242832274858,unstable
261,-85.6314556686048,2047.1095041837411,2047.9007860558552,6818.7832558139535,-1.4421973783248039,0.22442415747272595,1.8712176779172616,unstable
262,-33.87100770348835,2012.2421625228933,2011.5445678613132,7124.146158139534,-1.438734820046988,0.18726328756723437,1.9588327010119873,unstable
263,-81.23653677325574,2034.1165905319872,2034.74544456813,7362.803572093024,-1.3837539513384713,0.2533811700284524,1.9721946815994853,unstable
264,-53.30795632267441,2018.7861887810734,2018.5042571224064,7122.663813953488,-1.417021650979624,0.20667430587799573,1.905812971052631,unstable
265,-60.327377180232524,1993.052455933836,1992.9923046134095,6726.87791627907,-1.3913815608189826,0.22687450120595132,1.9339278467644199,unstable
266,-72.27877718023251,2064.609144372346,2064.8662026099832,6873.629990697675,-1.4369361459391499,0.23225762002212613,1.8615864321465647,unstable
267,-37.484221656976814,2064.7340552434357,2064.066029968234,6861.771237209303,-1.468241372762978,0.19695326787748615,1.8098819161579058,unstable
268,-83.58888960755807,2026.428353491181,2027.1627478954956,6949.229544186046,-1.4359601008919747,0.22085833907802294,1.8896291446155757,unstable
269,-42.906937790697675,2037.717228704512,2037.1739094386958,6838.053730232558,-1.4109056676653648,0.22307227180880185,1.8876195269074105,unstable
270,-74.06367013081389,2039.9337893845295,2040.2822093057646,6882.524055813954,-1.4204666943135096,0.23776233298358912,1.915984971751989,unstable
271,-63.93480072674424,2033.3225430149448,2033.3348770249374,6725.3955720930235,-1.4114812868359856,0.24161549489886713,1.851087277092956,unstable
272,-43.07341199127904,2011.0340936409511,2010.5133607566243,6835.089041860465,-1.39347867850503,0.22584702209259128,1.9340320280661074,unstable
273,-68.12705537790691,2028.1290122252715,2028.2829398912033,6741.701358139535,-1.448972500571557,0.21689883310928626,1.825002711561945,unstable
274,-66.81263299418606,2036.1461128425935,2036.2480691455353,6574.19646511628,-1.4191987458476398,0.23849512084170787,1.8608146175839095,unstable
275,-39.79025123546511,2016.7501801449491,2016.157880431035,7230.874939534884,-1.4402774787381134,0.18059612059107608,1.8977376791177654,unstable
276,-78.1357738372092,1990.7660783818228,1991.327324858548,6700.195720930233,-1.379291938869036,0.24569340694934352,1.8990692308364814,unstable
277,-40.35626351744194,2054.9598258806277,2054.3526054163685,7436.92078139535,-1.4257718528526682,0.211352669554073,2.0688216826790047,unstable
278,-63.73937449127905,2031.776460319142,2031.7841739938399,6903.276874418605,-1.4041941584198792,0.23272962615483628,1.955370507367106,unstable
279,-56.30449193313956,2026.646508991412,2026.4390533391845,7001.111590697675,-1.4295892881936336,0.2218011912869336,1.9107860362892044,unstable
280,32.92567957848834,2427.961502863623,2426.9990372263605,8361.903553488373,-1.4140124584156086,0.27518094716467034,2.0553352276173174,unstable
281,10.262026671511629,2385.283636663811,2384.140748358874,7906.823888372093,-1.3305630514171465,0.3100559503361477,1.959227854314405,unstable
282,11.999148764534855,2382.675371786705,2381.541900319328,8146.963646511628,-1.3636778916722627,0.31483803540811833,1.9688350191926298,unstable
283,23.789864970930157,2415.094923402059,2414.032615096152,8093.599255813953,-1.4175912486265665,0.3001108652887562,1.9368097871215422,unstable
284,26.806667005813953,2409.5263669394785,2408.49873716031,7887.553413953488,-1.4112616062976429,0.28767590214675676,1.901870196885626,unstable
285,37.482729869186024,2398.115580931649,2397.237394229483,8080.258158139535,-1.365432015212521,0.2840025451094755,1.9843887539182998,unstable
286,-4.455740261627927,2387.188054904836,2386.026311421455,7854.9418418604655,-1.3514042067595882,0.32396298735627493,1.9166763688314734,unstable
287,9.128554505813907,2407.261791511686,2406.1034001542907,8132.140204651163,-1.4143008231141123,0.29715775144343365,1.9992554417946475,unstable
288,17.365408430232506,2390.1171836502954,2389.012963403733,7791.201041860466,-1.370979386398728,0.3158033102939971,1.9130392459771588,unstable
289,31.845768677325587,2415.9532775369667,2414.9833048478326,8118.799106976744,-1.4299391982497713,0.26879066772825794,1.8820319369715592,unstable
290,31.271070784883708,2412.7116593549104,2411.7360318560623,8025.411423255815,-1.4504649728226253,0.26351971852808875,1.92513208822553,unstable
291,-1.1682367005814323,2381.5909838265175,2380.4281002237735,8148.445990697675,-1.3842123959381878,0.28779615744158776,1.9990241542351619,unstable
292,1.7921088662790703,2393.741698200572,2392.5732646879696,8102.493320930233,-1.3602272238680153,0.31570364611730045,1.9207250524475163,unstable
293,22.757724927325565,2423.217725313774,2422.1411393233943,7972.047032558139,-1.4436565673402486,0.27701492697879965,1.8795302032559003,unstable
294,27.08605414244182,2379.4701573221337,2378.4622565760933,7717.08383255814,-1.4109496309183323,0.27834560029483885,1.8866241292306885,unstable
295,-10.43433546511629,2376.973568766158,2375.835566821985,7711.154455813954,-1.3837793825165807,0.3003756419743381,1.899316685842774,unstable
296,-1.9629700581395881,2402.9001311616435,2401.727355677501,8086.18753488372,-1.4296763643580557,0.28950151106653005,1.9121698847597695,unstable
297,21.453435755813935,2371.517995492673,2370.4568272879255,7979.458753488372,-1.395042885668038,0.28446762860244196,1.9317667255281377,unstable
298,13.028393604651159,2388.9682280390716,2387.8369974107272,7608.872706976745,-1.3974798914372546,0.31024769062188556,1.8649390106069619,unstable
299,13.995391569767438,2378.705553622035,2377.5849841192353,8149.928334883722,-1.3939543434525805,0.2943396621397612,1.9627596747971925,unstable
300,-32.84176286337216,2655.8733678592566,2654.7793852560744,8708.772093023255,-1.4212089799133736,0.3250741595222329,1.8415765864732876,unstable
301,-12.045516206395359,2685.908927927625,2684.6241519885575,9098.628613953488,-1.443142442817657,0.31150781162942054,1.8647246189486513,unstable
302,-28.507643241279055,2653.4916572959364,2652.3488961570965,8145.481302325581,-1.4235166870655014,0.3365534479969581,1.7616676726605098,unstable
303,-23.815965988372113,2671.1679061306972,2669.969526940773,8984.488111627908,-1.4447479199753908,0.31860464754014634,1.9116021413788586,unstable
304,-17.1367315406977,2655.350222003908,2654.1086713575123,8662.819423255813,-1.413712310912771,0.333405453034039,1.8906322700641434,unstable
305,-11.797976308139557,2685.6941337360845,2684.408365512756,8603.525655813954,-1.4337441376571234,0.32675893092269137,1.8510693857254836,unstable
306,-10.687665770348843,2662.9025761053335,2661.6234711892725,9157.922381395349,-1.4184881882165519,0.32934076487439035,1.9872128967996945,unstable
307,-10.914939244186073,2672.958538016853,2671.6753598797086,8619.831441860464,-1.4227378669525048,0.3323793663904955,1.8654398138667971,unstable
308,-16.22763764534884,2676.891908135571,2675.6337232606757,8639.101916279069,-1.432203556996211,0.32662559686951476,1.8765304634368702,unstable
309,-27.43641795058141,2658.123620447082,2656.967052472336,8481.97343255814,-1.4267526508896955,0.33070576362202153,1.7803640906389484,unstable
310,-27.520378851744212,2672.9806294172035,2671.816881429727,8656.890046511628,-1.4471798940356229,0.31760194233236033,1.8414842799457467,unstable
311,-11.074175436046502,2663.0439126366045,2661.7663175496555,8683.572241860466,-1.4445641336732942,0.3188921733519505,1.8484375407439297,unstable
312,-5.817933502907006,2623.8975560282056,2622.6224962613564,8477.526399999999,-1.4306721271601663,0.3214805626388594,1.8472003650789097,unstable
313,-5.382205377906999,2671.1600363570465,2669.8608654454215,8438.985451162791,-1.4519925403264176,0.31663458027030267,1.8328395513154534,unstable
314,6.132018895348823,2647.3109651022764,2646.0251223760506,8489.385153488372,-1.4349425839320311,0.3061116946772458,1.8443080724196175,unstable
315,23.100806540697633,2633.396606709551,2632.211824997381,8584.255181395349,-1.4491272650448896,0.3057339651258591,1.8522971495540514,unstable
316,6.754487645348836,2638.9214784016494,2637.6412762663417,8701.360372093024,-1.4471689460679313,0.3169482807537293,1.9029979139607536,unstable
317,19.30953757267444,2675.2854083960597,2674.048516454433,8630.207851162791,-1.4329082002744389,0.3235242171992461,1.8654473125337008,unstable
318,23.456916569767444,2691.5854414170426,2690.3731301181247,8843.665413953488,-1.4327507031306839,0.3235342044286767,1.8750654476886361,unstable
319,2.085972020348806,2640.210506320888,2638.92185058595,8286.304,-1.4501140810349034,0.3136015511847962,1.7784953065356166,unstable
320,35.16656707848834,2717.6726341071194,2716.572949960379,8624.278474418605,-1.4295688863409768,0.3204877140156437,1.8160564706325613,unstable
321,52.07021264534877,2783.1908084442443,2782.3187780326484,9031.923125581394,-1.4189430756829198,0.3339033784334803,1.860518058212169,unstable
322,26.80811460755806,2792.300051400221,2791.06503923731,9169.781134883722,-1.4114351669362537,0.34205822023779375,1.9295734011045416,unstable
323,26.837066642441886,2725.3580895304976,2724.1592191772525,8837.736037209303,-1.4078589431771749,0.3410005876608879,1.8654138372500657,unstable
324,50.50101235465114,2761.3156660326385,2760.429025219359,8825.877283720929,-1.4151471136653946,0.32682631479841734,1.86184671970437,unstable
325,58.255814898255785,2779.7534925966743,2779.0065297416436,9111.969711627908,-1.4022889486851884,0.34701667601731345,1.9384795058944975,unstable
326,32.24820196220922,2747.118502545473,2745.9661739241765,8846.63010232558,-1.4224217530915657,0.3308974683817151,1.887307919591236,unstable
327,30.23169273255812,2709.3530821473623,2708.198576551934,8564.984706976744,-1.4043130175726968,0.3468124144186556,1.8605342918928338,unstable
328,46.97610210755809,2734.6074252795115,2733.6754954164567,9008.20561860465,-1.412225867843213,0.3226698761020889,1.8795257118155526,unstable
329,74.42986918604659,2769.9101287636827,2769.5576084743197,8824.394939534885,-1.439405036494195,0.32002479942360856,1.8621327247476802,unstable
330,41.60984244186051,2758.77962746092,2757.746167887421,8673.19583255814,-1.4268694814479834,0.3304809899603801,1.77872981977299,unstable
331,36.740110174418646,2760.5844712126927,2759.4807926306644,8690.983962790699,-1.416483633248561,0.34902977023076054,1.8157516424017996,unstable
332,41.35795973837208,2718.005028405946,2716.992346267044,8877.759330232559,-1.4163844407365376,0.32972973201324157,1.867606505541704,unstable
333,53.2181608284884,2712.4335396053534,2711.6310627239386,9310.60383255814,-1.4139560770316555,0.31438904201396195,1.9593115259609812,unstable
334,63.4917904069767,2730.734918899621,2730.1396050298545,8962.25294883721,-1.4138048964665824,0.32401451147266924,1.9118224950884266,unstable
335,38.53079353197673,2699.395254955072,2698.351980862989,8886.653395348836,-1.4091129962549735,0.3180206302192618,1.9217094108272794,unstable
336,63.813157994186035,2736.1008398013305,2735.5089354308684,8842.183069767441,-1.421717382128895,0.3281066137412877,1.8620092918876436,unstable
337,49.4037302325581,2715.1525525795996,2714.276117394432,8822.912595348838,-1.4327512238050732,0.32747822763134016,1.8749367430389101,unstable
338,51.30008851744188,2744.4346197018162,2743.573889824243,9117.899088372093,-1.4216781145407016,0.3262645622266538,1.894896839594977,unstable
339,43.86231075581395,2764.8492948410826,2763.8470108335505,8843.665413953488,-1.4311897144692496,0.326435660115357,1.8348728685578717,unstable
